type,national,name,department_number,department_name,enroll_rate,selected,field
技職,私立,和春技術學院,520114,資訊工程系,7.5,1,5
技職,私立,和春技術學院,230307,商品設計系,8,1,2
技職,私立,桃園創新技術學院,480109,資訊管理系,8.33,1,4
技職,私立,和春技術學院,480109,資訊管理系,10,1,4
技職,私立,和春技術學院,320104,傳播藝術系,12,1,3
技職,私立,和春技術學院,349945,房仲與物業管理系,12,1,3
技職,私立,蘭陽技術學院,520226,機電工程系,12.31,1,5
一般,私立,台灣首府大學,230149,美術工藝文化創意產業學士學位學程,14,1,2
技職,私立,和春技術學院,230203,多媒體設計系,16,1,2
一般,私立,稻江科技暨管理學院,140401,幼兒教育學系,17.5,1,1
技職,私立,亞太創意技術學院,760403,兒童與家庭服務系,17.5,1,7
技職,私立,輔英科技大學,480101,資訊科技學位學程,18.09,1,4
技職,私立,和春技術學院,520101,電機工程系,18.33,1,5
一般,私立,康寧大學,810103,餐飲管理學系,18.89,1,8
技職,私立,臺灣觀光學院,810242,觀光旅遊系,18.89,1,8
一般,私立,康寧大學,230117,時尚造型設計學系,20,1,2
一般,私立,康寧大學,810812,保健美容學系,20,1,8
技職,私立,桃園創新技術學院,520114,資訊工程系,20.83,1,5
技職,私立,蘭陽技術學院,349958,數位行銷系,21.54,1,3
技職,私立,大漢技術學院,520322,土木工程與環境資源管理系,22.86,1,5
技職,私立,大漢技術學院,230120,珠寶技術系,23.33,1,2
技職,私立,大華科技大學,520161,電機與電子工程系,24.44,1,5
技職,私立,大華科技大學,520601,工業工程與管理系,24.44,1,5
技職,私立,和春技術學院,220303,應用外語系,25,1,2
技職,私立,東方設計學院,230311,流行商品設計系,25,1,2
技職,私立,桃園創新技術學院,340301,企業管理系,25.53,1,3
技職,私立,和春技術學院,520601,工業工程與管理系,25.88,1,5
技職,私立,桃園創新技術學院,230401,室內設計系,25.93,1,2
技職,私立,大華科技大學,230111,創意設計學位學程,26.67,1,2
一般,私立,華梵大學,520103,電子工程學系,26.67,1,5
技職,私立,黎明技術學院,520122,電資學士班學位學程,26.67,1,5
一般,私立,稻江科技暨管理學院,760216,老人福祉與社會工作學系,26.67,1,7
技職,私立,和春技術學院,810818,流行時尚造型設計系,26.67,1,8
技職,私立,東南科技大學,340301,企業管理系,27,1,3
技職,私立,東方設計學院,810204,觀光與休閒事業管理系,27.27,1,8
技職,私立,亞太創意技術學院,230203,數位媒體設計系,27.5,1,2
技職,私立,東方設計學院,810820,時尚美妝設計系,27.78,1,8
技職,私立,東方設計學院,340820,設計行銷系,28.24,1,3
技職,私立,桃園創新技術學院,230201,視覺傳達設計系,28.57,1,2
技職,私立,大華科技大學,480109,資訊管理系,28.89,1,4
技職,私立,大華科技大學,520226,機電工程系,28.89,1,5
一般,私立,真理大學,810253,觀光暨服務產業學士學位學程,28.89,1,8
技職,私立,遠東科技大學,521322,材料與能源工程系,29,1,5
技職,私立,醒吾科技大學,480503,資訊科技應用系,30,1,4
一般,私立,台灣首府大學,480521,資訊與多媒體設計學系,30,1,4
技職,私立,亞太創意技術學院,810503,休閒運動保健系,30,1,8
技職,私立,遠東科技大學,520163,電子與光電應用工程系,31.76,1,5
一般,私立,稻江科技暨管理學院,810210,休閒遊憩管理學系,32,1,8
技職,私立,亞太創意技術學院,230201,視覺傳達設計系,32.5,1,2
技職,私立,亞太創意技術學院,230322,陶瓷創意設計系,32.5,1,2
技職,私立,亞太創意技術學院,620616,保健營養生技系,32.5,1,6
技職,私立,桃園創新技術學院,850116,環境科技與管理系,33.33,1,8
技職,私立,蘭陽技術學院,810102,餐旅管理系,33.64,1,8
技職,私立,蘭陽技術學院,230401,室內設計系,34,1,2
技職,私立,元培醫事科技大學,520114,資訊工程系,34.23,1,5
技職,私立,大漢技術學院,810504,休閒運動管理系,34.29,1,8
技職,私立,吳鳳科技大學,520201,機械工程系,35,1,5
技職,私立,大華科技大學,340117,商務與觀光企劃系,35.56,1,3
一般,私立,稻江科技暨管理學院,230104,時尚設計學系,36,1,2
技職,私立,吳鳳科技大學,480312,應用遊戲科技系,36,1,4
一般,私立,康寧大學,480517,數位應用學系,36,1,4
技職,私立,和春技術學院,810204,觀光與休閒事業管理系,36,1,8
技職,私立,中華科技大學,520114,資訊工程系,36.36,1,5
技職,私立,元培醫事科技大學,521108,生物醫學工程系,36.36,1,5
技職,私立,東南科技大學,520103,電子工程系,36.67,1,5
技職,私立,大漢技術學院,810512,休閒事業經營系,37.14,1,8
技職,私立,建國科技大學,520614,工業與服務管理系,37.27,1,5
技職,私立,桃園創新技術學院,340802,行銷與流通管理系,37.5,1,3
技職,私立,中國科技大學,520130,電腦與通訊系,37.5,1,5
技職,私立,南榮科技大學,230317,創意產品設計系,37.78,1,2
一般,私立,康寧大學,340301,企業管理學系,38,1,3
技職,私立,蘭陽技術學院,810821,時尚美容設計系,38,1,8
技職,私立,元培醫事科技大學,520902,環境工程衛生系,38.64,1,5
技職,私立,蘭陽技術學院,810514,健康休閒管理系,38.75,1,8
技職,私立,慈濟科技大學,480102,資訊科技與管理系,39.8,1,4
技職,私立,遠東科技大學,230303,工業設計系,40,1,2
一般,私立,台灣首府大學,340301,企業管理學系,40,1,3
技職,私立,德霖技術學院,349916,不動產經營系,40,1,3
技職,私立,遠東科技大學,520101,電機工程系,40,1,5
技職,私立,遠東科技大學,520114,資訊工程系,40,1,5
技職,私立,吳鳳科技大學,520114,資訊工程系,40,1,5
技職,私立,臺灣觀光學院,810103,餐飲管理系,40,1,8
技職,私立,大華科技大學,810103,餐飲管理系,40,1,8
技職,私立,蘭陽技術學院,810242,觀光旅遊系,40,1,8
技職,私立,南榮科技大學,810801,美容造型設計系,40,1,8
技職,私立,桃園創新技術學院,810802,化妝品應用系,40,1,8
技職,私立,聖約翰科技大學,340802,行銷與流通管理系,41,1,3
技職,私立,東南科技大學,340802,行銷與流通管理系,41,1,3
技職,私立,聖約翰科技大學,349981,時尚經營管理系,41,1,3
技職,私立,桃園創新技術學院,810707,創意流行時尚設計系,41.51,1,8
技職,私立,東南科技大學,480109,資訊管理系,41.67,1,4
技職,私立,聖約翰科技大學,480109,資訊管理系,41.82,1,4
技職,私立,高苑科技大學,480503,資訊科技應用系,42,1,4
技職,私立,健行科技大學,480513,應用空間資訊系,42,1,4
技職,私立,和春技術學院,810103,餐飲管理系,42,1,8
技職,私立,聖約翰科技大學,520220,機械與電腦輔助工程系,42.5,1,5
技職,私立,大仁科技大學,480110,資訊工程與娛樂科技系,42.55,1,4
技職,私立,大漢技術學院,520201,機械工程系,42.86,1,5
技職,私立,萬能科技大學,340301,企業管理系,43.12,1,3
技職,私立,南榮科技大學,220321,應用日語系,43.33,1,2
技職,私立,東方設計學院,210616,影視藝術系,43.53,1,2
技職,私立,桃園創新技術學院,810204,觀光與休閒事業管理系,43.56,1,8
技職,私立,東方設計學院,230401,室內設計系,43.75,1,2
技職,私立,吳鳳科技大學,340802,行銷與流通管理系,43.75,1,3
技職,私立,育達科技大學,480109,資訊管理系,43.75,1,4
技職,私立,東方設計學院,230133,遊戲與動畫設計系,43.85,1,2
技職,私立,萬能科技大學,810810,美髮造型設計系,43.86,1,8
技職,私立,育達科技大學,480309,多媒體與遊戲設計系,43.88,1,4
一般,私立,稻江科技暨管理學院,210707,表演藝術學士學位學程,44,1,2
技職,私立,環球科技大學,420301,生物技術系,44,1,4
技職,私立,吳鳳科技大學,480109,資訊管理系,44,1,4
技職,私立,東南科技大學,230401,室內設計系,44.24,1,2
技職,私立,臺灣觀光學院,810118,廚藝管理系,44.3,1,8
技職,私立,崇右技術學院,230203,數位媒體設計系,44.44,1,2
技職,私立,黎明技術學院,349981,時尚經營管理系,44.44,1,3
技職,私立,輔英科技大學,480109,資訊管理系,44.44,1,4
技職,私立,黎明技術學院,480109,資訊管理系,44.44,1,4
技職,私立,萬能科技大學,340802,行銷與流通管理系,44.71,1,3
技職,私立,萬能科技大學,520114,資訊工程系,44.74,1,5
一般,私立,台灣首府大學,810202,觀光事業管理學系,44.86,1,8
技職,私立,元培醫事科技大學,729913,生物科技暨製藥技術系,44.94,1,7
技職,私立,崑山科技大學,340201,會計資訊系,45,1,3
一般,私立,真理大學,810209,休閒遊憩事業學系,45,1,8
技職,私立,吳鳳科技大學,230202,應用數位媒體系,45.19,1,2
技職,私立,東方設計學院,810103,餐飲管理系,45.83,1,8
一般,私立,康寧大學,720609,健康照護管理學系,45.88,1,7
一般,私立,康寧大學,320105,資訊傳播學系,46,1,3
一般,私立,稻江科技暨管理學院,480530,行動科技學系,46,1,4
技職,私立,聖約翰科技大學,520601,工業工程與管理系,46,1,5
技職,私立,中華醫事科技大學,720209,職業安全衛生系,46.15,1,7
技職,私立,台北海洋技術學院,840121,海空物流與行銷系,46.36,1,8
技職,私立,黎明技術學院,480101,資訊科技系,46.67,1,4
技職,私立,建國科技大學,520164,資訊與網路通訊系,46.67,1,5
技職,私立,育達科技大學,340802,行銷與流通管理系,46.74,1,3
技職,私立,經國管理暨健康學院,810111,餐飲廚藝系,47,1,8
技職,私立,育達科技大學,220312,應用英語系,47.22,1,2
技職,私立,輔英科技大學,420302,生物科技系,47.27,1,4
一般,私立,康寧大學,220303,應用外語學系,47.37,1,2
技職,私立,美和科技大學,340501,財務金融系,48,1,3
技職,私立,聖約翰科技大學,489903,醫護資訊學士學位學程,48,1,4
技職,私立,南開科技大學,520103,電子工程系,48,1,5
技職,私立,遠東科技大學,340802,行銷與流通管理系,48.18,1,3
技職,私立,輔英科技大學,349928,文教事業管理學位學程,48.57,1,3
技職,私立,桃園創新技術學院,520201,機械工程系,48.65,1,5
技職,私立,華夏科技大學,349911,資產與物業管理系,48.89,1,3
技職,私立,建國科技大學,520103,電子工程系,49.09,1,5
技職,私立,環球科技大學,230309,創意商品設計系,50,1,2
技職,私立,和春技術學院,340802,行銷與流通管理系,50,1,3
技職,私立,遠東科技大學,480109,資訊管理系,50.83,1,4
技職,私立,中華科技大學,340501,財務金融系,50.91,1,3
技職,私立,美和科技大學,480101,資訊科技系,50.91,1,4
技職,私立,崇右技術學院,230117,時尚造型設計系,51,1,2
技職,私立,德霖技術學院,520103,電子工程系,51.02,1,5
技職,私立,大華科技大學,810201,觀光管理系,51.11,1,8
一般,私立,真理大學,810250,旅遊文化與健康產業學士學位學程,51.11,1,8
技職,私立,建國科技大學,230302,商業設計系,51.28,1,2
技職,私立,中華科技大學,520301,土木工程系,51.67,1,5
技職,私立,遠東科技大學,810802,化妝品應用與管理系,51.67,1,8
技職,私立,建國科技大學,520121,自動化工程系,51.82,1,5
技職,私立,中華科技大學,520101,電機工程系,51.9,1,5
技職,私立,環球科技大學,220303,應用外語系,52,1,2
技職,私立,大仁科技大學,760301,社會工作系,52.14,1,7
技職,私立,東方設計學院,210301,美術工藝系,52.5,1,2
技職,私立,中州科技大學,620617,保健食品系,52.5,1,6
技職,私立,亞太創意技術學院,819916,寵物美容學士學位學程,52.5,1,8
技職,私立,桃園創新技術學院,810102,餐旅管理系,52.67,1,8
技職,私立,經國管理暨健康學院,480519,資訊多媒體應用系,52.83,1,4
技職,私立,東南科技大學,220312,應用英語系,53.33,1,2
技職,私立,高苑科技大學,480532,行動多媒體設計學位學程,53.33,1,4
一般,私立,稻江科技暨管理學院,810256,觀光規劃學士學位學程,53.33,1,8
技職,私立,中華科技大學,340824,國際商務與行銷系,53.64,1,3
技職,私立,中華科技大學,340301,企業管理系,53.7,1,3
技職,私立,中華醫事科技大學,340909,醫務暨健康事業管理系,53.75,1,3
技職,私立,美和科技大學,340904,健康事業管理系,54,1,3
技職,私立,健行科技大學,520103,電子工程系,54,1,5
一般,私立,稻江科技暨管理學院,810103,餐飲管理學系,54,1,8
技職,私立,吳鳳科技大學,520101,電機工程系,54.07,1,5
技職,私立,高苑科技大學,340802,行銷與流通管理系,54.55,1,3
技職,私立,大仁科技大學,760401,幼兒保育系,54.76,1,7
技職,私立,育達科技大學,220321,應用日語系,54.96,1,2
技職,私立,亞太創意技術學院,230206,數位科技設計系,55,1,2
技職,私立,遠東科技大學,349975,創新設計與創業管理系,55,1,3
技職,私立,東南科技大學,520328,營建與空間設計系,55,1,5
技職,私立,遠東科技大學,520201,機械工程系,55.29,1,5
技職,私立,華夏科技大學,520114,資訊工程系,55.56,1,5
技職,私立,美和科技大學,229907,文化創意系,56,1,2
一般,私立,明道大學,320105,資訊傳播學系,56,1,3
技職,私立,修平科技大學,480201,資訊網路技術系,56,1,4
一般,私立,明道大學,521322,材料與能源工程學系,56.12,1,5
技職,私立,東南科技大學,480101,資訊科技系,56.18,1,4
技職,私立,大仁科技大學,480316,資訊應用與管理系,56.25,1,4
技職,私立,華夏科技大學,520103,電子工程系,56.25,1,5
技職,私立,黎明技術學院,230317,創意產品設計系,56.36,1,2
技職,私立,育達科技大學,810508,休閒事業管理系,56.36,1,8
技職,私立,南開科技大學,480523,數位生活創意系,57.14,1,4
技職,私立,大同技術學院,810106,烘焙管理系,57.24,1,8
技職,私立,南榮科技大學,320804,數位行銷與廣告系,57.5,1,3
技職,私立,大同技術學院,340336,商業經營與設計系,57.5,1,3
技職,私立,南榮科技大學,520311,營建工程系,57.5,1,5
技職,私立,臺灣觀光學院,810101,旅館管理系,57.63,1,8
技職,私立,環球科技大學,230201,視覺傳達設計系,57.78,1,2
一般,私立,玄奘大學,480109,資訊管理學系,57.78,1,4
一般,私立,明道大學,220201,中國文學學系,58,1,2
技職,私立,黎明技術學院,230103,流行設計系,58,1,2
技職,私立,美和科技大學,760301,社會工作系,58,1,7
技職,私立,元培醫事科技大學,720713,視光系,58.14,1,7
技職,私立,高苑科技大學,480109,資訊管理系,58.18,1,4
技職,私立,臺灣觀光學院,810201,觀光休閒系,58.33,1,8
技職,私立,南榮科技大學,520101,電機工程系,58.44,1,5
技職,私立,華夏科技大學,520201,機械工程系,58.52,1,5
技職,私立,聖約翰科技大學,520103,電子工程系,58.57,1,5
技職,私立,大仁科技大學,340802,行銷與流通管理系,58.62,1,3
技職,私立,南榮科技大學,810102,餐旅管理系,58.67,1,8
技職,私立,南開科技大學,480315,多媒體動畫應用系,58.97,1,4
技職,私立,聖約翰科技大學,520101,電機工程系,58.97,1,5
技職,私立,建國科技大學,340307,國際企業管理系,59.09,1,3
技職,私立,中華科技大學,480109,資訊管理系,59.09,1,4
技職,私立,大同技術學院,810103,餐飲管理系,59.09,1,8
一般,私立,台灣首府大學,810508,休閒管理學系,59.2,1,8
技職,私立,東南科技大學,810244,觀光與生態旅遊系,59.33,1,8
技職,私立,育達科技大學,760308,健康照顧社會工作系,59.72,1,7
技職,私立,桃園創新技術學院,810111,餐飲廚藝管理系,59.9,1,8
一般,私立,玄奘大學,340301,企業管理學系,60,1,3
技職,私立,和春技術學院,340301,企業管理系,60,1,3
技職,私立,崇右技術學院,340303,經營管理系,60,1,3
技職,私立,和春技術學院,340501,財務金融系,60,1,3
技職,私立,大漢技術學院,340818,流通與行銷管理系,60,1,3
技職,私立,德霖技術學院,520130,電腦與通訊工程系,60,1,5
技職,私立,遠東科技大學,520222,自動化控制系,60,1,5
技職,私立,經國管理暨健康學院,760203,老人服務事業管理系,60,1,7
技職,私立,大同技術學院,760310,社會工作與服務管理系,60,1,7
技職,私立,中州科技大學,760401,幼兒保育系,60,1,7
技職,私立,南榮科技大學,810201,觀光系,60,1,8
一般,私立,真理大學,810502,運動健康與休閒學系,60,1,8
技職,私立,育達科技大學,810123,餐旅經營系,60.44,1,8
技職,私立,元培醫事科技大學,220312,應用英語系,60.61,1,2
技職,私立,健行科技大學,520101,電機工程系,60.67,1,5
技職,私立,聖約翰科技大學,520164,資訊與通訊系,60.71,1,5
技職,私立,環球科技大學,340801,行銷管理系,60.83,1,3
一般,私立,明道大學,810509,休閒保健學系,60.91,1,8
技職,私立,聖約翰科技大學,230119,數位文藝系,61.11,1,2
技職,私立,遠東科技大學,230118,數位媒體設計與管理系,61.29,1,2
技職,私立,東方設計學院,210707,表演藝術學位學程,61.36,1,2
技職,私立,元培醫事科技大學,340301,企業管理系,61.54,1,3
技職,私立,輔英科技大學,720209,職業安全衛生系,61.9,1,7
技職,私立,景文科技大學,520103,電子工程系,61.96,1,5
技職,私立,聖約翰科技大學,220312,應用英語系,62,1,2
技職,私立,環球科技大學,230145,創意公共傳播設計系,62.22,1,2
技職,私立,吳鳳科技大學,220321,應用日語系,62.32,1,2
技職,私立,德霖技術學院,230402,空間設計系,62.63,1,2
技職,私立,中華醫事科技大學,720620,長期照顧系,62.79,1,7
技職,私立,台南應用科技大學,210511,舞蹈系,62.86,1,2
技職,私立,大漢技術學院,810202,觀光事業管理系,62.86,1,8
技職,私立,慈濟科技大學,340901,醫務管理系,63.16,1,3
技職,私立,聖約翰科技大學,340301,企業管理系,63.24,1,3
一般,私立,華梵大學,221101,哲學系,63.33,1,2
技職,私立,吳鳳科技大學,810813,美容美髮造型設計系,63.53,1,8
技職,私立,大仁科技大學,620602,食品科技系,63.54,1,6
技職,私立,輔英科技大學,810806,健康美容系,63.64,1,8
技職,私立,萬能科技大學,230307,商品設計系,63.89,1,2
一般,私立,明道大學,230114,時尚造形學系,64,1,2
技職,私立,東南科技大學,520101,電機工程系,64,1,5
技職,私立,修平科技大學,521319,能源與材料科技系,64,1,5
技職,私立,環球科技大學,480516,多媒體動畫設計系,64.21,1,4
技職,私立,高苑科技大學,230128,文化創意設計與數位整合學位學程,64.44,1,2
技職,私立,黎明技術學院,340301,企業管理系,64.44,1,3
技職,私立,修平科技大學,520601,工業工程與管理系,64.44,1,5
技職,私立,高苑科技大學,340301,企業管理系,64.52,1,3
技職,私立,建國科技大學,230203,數位媒體設計系,64.96,1,2
一般,私立,玄奘大學,230104,時尚設計學系,65,1,2
技職,私立,南榮科技大學,340301,企業管理系,65,1,3
技職,私立,中華科技大學,420302,生物科技系,65,1,4
技職,私立,中州科技大學,480109,資訊管理系,65,1,4
技職,私立,亞太創意技術學院,810224,觀光餐旅系,65,1,8
技職,私立,遠東科技大學,230314,創意商品設計與管理系,65.16,1,2
技職,私立,修平科技大學,520103,電子工程系,65.26,1,5
技職,私立,修平科技大學,520201,機械工程系,65.52,1,5
一般,私立,玄奘大學,320206,廣播與電視新聞學系,65.56,1,3
一般,私立,台灣首府大學,349971,休閒資訊管理學系,65.56,1,3
一般,私立,台灣首府大學,140401,幼兒教育學系,65.71,1,1
一般,私立,玄奘大學,210709,藝術與創意設計學系,65.71,1,2
技職,私立,中州科技大學,520219,機械與自動化工程系,65.71,1,5
技職,私立,聖約翰科技大學,520114,資訊工程系,65.74,1,5
技職,私立,環球科技大學,480109,資訊管理系,65.88,1,4
技職,私立,健行科技大學,220303,應用外語系,65.93,1,2
技職,私立,萬能科技大學,480313,數位多媒體系,65.96,1,4
技職,私立,南榮科技大學,230401,室內設計系,66,1,2
技職,私立,高苑科技大學,320105,資訊傳播系,66,1,3
技職,私立,吳鳳科技大學,349953,安全科技與管理系,66,1,3
技職,私立,中州科技大學,520140,電機與能源科技系,66,1,5
技職,私立,美和科技大學,810801,美容系,66,1,8
技職,私立,大同技術學院,819909,婚禮企劃與設計系,66,1,8
一般,私立,玄奘大學,230201,視覺傳達設計學系,66.09,1,2
技職,私立,萬能科技大學,520312,營建科技系,66.25,1,5
技職,私立,環球科技大學,340301,企業管理系,66.67,1,3
技職,私立,黎明技術學院,520101,電機工程系,66.67,1,5
技職,私立,聖約翰科技大學,810201,觀光與休閒管理系,66.67,1,8
技職,私立,大華科技大學,810405,運動與健康促進系,66.67,1,8
技職,私立,環球科技大學,810539,運動保健與防護系,66.67,1,8
技職,私立,大仁科技大學,819916,寵物美容學位學程,66.67,1,8
技職,私立,吳鳳科技大學,810102,餐旅管理系,66.83,1,8
技職,私立,建國科技大學,230319,遊戲與產品設計系,67,1,2
技職,私立,德霖技術學院,340301,企業管理系,67,1,3
技職,私立,大仁科技大學,720601,護理系,67.06,1,7
一般,私立,明道大學,340821,行銷與物流學系,67.27,1,3
技職,私立,中州科技大學,580203,景觀系,67.27,1,5
技職,私立,南榮科技大學,810535,休閒遊憩與運動保健系,67.27,1,8
技職,私立,萬能科技大學,520901,環境工程系,67.31,1,5
技職,私立,景文科技大學,340521,理財與稅務規劃系,67.39,1,3
技職,私立,南開科技大學,220303,應用外語系,67.5,1,2
技職,私立,中華科技大學,620601,食品科學系,67.62,1,6
技職,私立,中州科技大學,810405,運動與健康促進系,67.69,1,8
技職,私立,萬能科技大學,480109,資訊管理系,67.78,1,4
技職,私立,高苑科技大學,810811,香妝與養生保健學位學程,68,1,8
一般,私立,玄奘大學,810102,餐旅管理學系,68.15,1,8
一般,私立,華梵大學,220201,中國文學系,68.33,1,2
技職,私立,高苑科技大學,230139,多媒體動畫遊戲學位學程,68.33,1,2
技職,私立,中華科技大學,520103,電子工程系,68.42,1,5
技職,私立,臺北城市科技大學,520130,電腦與通訊工程系,68.42,1,5
技職,私立,南開科技大學,520201,機械工程系,68.42,1,5
技職,私立,環球科技大學,810801,美容造型設計系,68.42,1,8
技職,私立,南榮科技大學,480109,資訊管理系,68.57,1,4
技職,私立,美和科技大學,480109,資訊管理系,68.75,1,4
技職,私立,南開科技大學,480109,資訊管理系,68.89,1,4
技職,私立,經國管理暨健康學院,810801,美容流行設計系,68.89,1,8
技職,私立,南開科技大學,520173,電機與資訊技術系,69.01,1,5
技職,私立,中州科技大學,340802,行銷與流通管理系,69.09,1,3
技職,私立,育達科技大學,230117,時尚造型設計系,69.23,1,2
技職,私立,東南科技大學,520201,機械工程系,69.29,1,5
技職,私立,台北海洋技術學院,230142,數位遊戲與動畫設計系,69.33,1,2
技職,私立,輔英科技大學,220303,應用外語系,70,1,2
一般,私立,華梵大學,520226,機電工程學系,70,1,5
技職,私立,美和科技大學,810102,餐旅管理系,70,1,8
技職,私立,高苑科技大學,810802,化妝品應用與管理系,70,1,8
一般,私立,華梵大學,220301,外國語文學系,70.48,1,2
一般,私立,中國文化大學,210502,中國戲劇學系,70.59,1,2
一般,私立,康寧大學,810508,休閒管理學系,70.59,1,8
一般,私立,南華大學,220301,外國語文學系,70.91,1,2
技職,私立,中州科技大學,230104,時尚創意設計與管理系,70.91,1,2
技職,私立,桃園創新技術學院,760401,幼兒保育系,71,1,7
技職,私立,崇右技術學院,810242,觀光旅遊管理系,71,1,8
一般,私立,玄奘大學,220802,宗教與文化學系,71.11,1,2
技職,私立,華夏科技大學,340301,企業管理系,71.11,1,3
技職,私立,台北海洋技術學院,810220,海洋休閒觀光系,71.11,1,8
技職,私立,高苑科技大學,760217,銀髮族事業管理學位學程,71.43,1,7
技職,私立,大同技術學院,810246,旅遊與休閒娛樂管理系,71.43,1,8
一般,私立,明道大學,220312,應用英語學系,71.67,1,2
技職,私立,台北海洋技術學院,620619,食品科技與行銷系,71.67,1,6
技職,私立,聖約翰科技大學,230111,創意設計系,72,1,2
技職,私立,大同技術學院,230117,時尚造型設計系,72,1,2
技職,私立,建國科技大學,230402,空間設計系,72,1,2
技職,私立,南榮科技大學,480101,資訊科技系,72,1,4
技職,私立,美和科技大學,720501,食品營養系,72,1,7
一般,私立,台灣首府大學,810102,餐旅管理學系,72,1,8
技職,私立,經國管理暨健康學院,810102,餐旅管理系,72,1,8
技職,私立,台北海洋技術學院,810214,旅遊管理系,72,1,8
技職,私立,育達科技大學,810504,休閒運動管理系,72.09,1,8
技職,私立,嘉南藥理大學,720209,職業安全衛生系,72.32,1,7
技職,私立,大仁科技大學,860114,消防安全學士學位學程,72.34,1,8
一般,私立,華梵大學,850205,環境與防災設計學系,72.38,1,8
技職,私立,大仁科技大學,220303,應用外語系,72.48,1,2
技職,私立,中華醫事科技大學,420302,生物科技系,72.5,1,4
技職,私立,台北海洋技術學院,810103,餐飲管理系,72.6,1,8
一般,私立,華梵大學,480109,資訊管理學系,72.64,1,4
一般,私立,中山醫學大學,310501,心理學系,72.73,1,3
技職,私立,萬能科技大學,349906,工業管理系,72.73,1,3
技職,私立,高苑科技大學,521310,綠色能源科技系,72.73,1,5
技職,私立,慈濟科技大學,340802,行銷與流通管理系,72.92,1,3
技職,公立,國立澎湖科技大學,520101,電機工程系,72.92,1,5
技職,私立,中華醫事科技大學,720713,視光系,73.21,1,7
一般,私立,玄奘大學,220303,應用外語學系,73.33,1,2
技職,私立,崑山科技大學,349967,房地產開發與管理系,73.33,1,3
技職,私立,崇右技術學院,810512,休閒事業經營系,73.33,1,8
技職,私立,中華醫事科技大學,810802,化妝品應用與管理系,73.75,1,8
技職,私立,健行科技大學,520114,資訊工程系,73.78,1,5
技職,私立,南榮科技大學,520201,機械工程系,73.83,1,5
技職,私立,萬能科技大學,810802,化妝品應用與管理系,73.86,1,8
技職,私立,景文科技大學,850109,環境與物業管理系,73.91,1,8
技職,私立,中州科技大學,320107,視訊傳播系,74,1,3
一般,私立,中華大學,349927,營建管理學系,74,1,3
技職,公立,國立澎湖科技大學,810201,觀光休閒系,74,1,8
技職,私立,大同技術學院,810502,運動健康與休閒系,74,1,8
技職,私立,華夏科技大學,810802,化妝品應用系,74.07,1,8
技職,私立,建國科技大學,520201,機械工程系,74.17,1,5
一般,公立,國立金門大學,220312,應用英語學系,74.36,1,2
技職,私立,崇右技術學院,210707,表演藝術系,74.5,1,2
技職,私立,台北海洋技術學院,230201,視覺傳達設計系,74.55,1,2
一般,私立,中華大學,310804,行政管理學系,74.55,1,3
技職,私立,經國管理暨健康學院,620618,食品保健系,74.55,1,6
技職,私立,建國科技大學,480109,資訊管理系,74.56,1,4
技職,私立,中州科技大學,480301,多媒體與遊戲發展科學系,74.58,1,4
一般,私立,真理大學,220806,宗教文化與組織管理學系,75,1,2
技職,私立,黎明技術學院,520201,機械工程系,75,1,5
技職,私立,慈濟科技大學,720712,醫學影像暨放射科學系,75,1,7
技職,私立,黎明技術學院,810802,化妝品應用系,75.24,1,8
一般,私立,華梵大學,520602,工業工程與經營資訊學系,75.47,1,5
技職,私立,南開科技大學,239901,文化創意與設計系,75.56,1,2
技職,私立,崑山科技大學,340401,國際貿易系,75.56,1,3
技職,私立,崑山科技大學,520106,光電工程系,75.56,1,5
技職,私立,高苑科技大學,589906,綠環境設計學位學程,75.56,1,5
技職,私立,崑山科技大學,819915,時尚展演事業學士學位學程,75.56,1,8
技職,私立,中州科技大學,810124,餐旅事業管理系,75.71,1,8
技職,私立,吳鳳科技大學,810201,觀光休閒管理系,75.83,1,8
技職,私立,高苑科技大學,520103,電子工程系,75.93,1,5
技職,私立,醒吾科技大學,220312,應用英語系,76,1,2
技職,私立,美和科技大學,420302,生物科技系,76,1,4
技職,公立,國立澎湖科技大學,810102,餐旅管理系,76,1,8
技職,公立,國立澎湖科技大學,810505,海洋運動與遊憩系,76,1,8
技職,私立,台北海洋技術學院,230141,時尚造型設計管理系,76.13,1,2
技職,私立,育達科技大學,760401,幼兒保育系,76.14,1,7
技職,私立,吳鳳科技大學,860104,消防系,76.16,1,8
技職,私立,輔英科技大學,340904,健康事業管理系,76.32,1,3
技職,私立,華夏科技大學,230401,室內設計系,76.36,1,2
技職,私立,華夏科技大學,480109,資訊管理系,76.36,1,4
技職,私立,中華科技大學,340120,文創與數位多媒體學位學程,76.47,1,3
技職,私立,輔英科技大學,760401,幼兒保育系,76.47,1,7
技職,私立,醒吾科技大學,480109,資訊管理系,76.6,1,4
技職,私立,美和科技大學,340301,企業管理系,76.67,1,3
技職,私立,修平科技大學,340309,國際企業經營系,76.67,1,3
技職,私立,中華醫事科技大學,480109,資訊管理系,76.74,1,4
技職,私立,修平科技大學,480109,資訊管理系,77,1,4
技職,私立,吳鳳科技大學,810526,休閒遊憩與運動管理系,77,1,8
技職,公立,國立澎湖科技大學,220303,應用外語系,77.08,1,2
一般,私立,長榮大學,729916,環境與食品安全檢驗學士學位學程,77.14,1,7
技職,私立,遠東科技大學,340301,企業管理系,77.27,1,3
技職,私立,建國科技大學,520101,電機工程系,77.27,1,5
技職,私立,高苑科技大學,520219,機械與自動化工程系,77.38,1,5
技職,私立,建國科技大學,810801,美容系,77.38,1,8
一般,公立,國立臺灣大學,620203,動物科學技術學系,77.5,1,6
一般,私立,玄奘大學,760309,社會福利與社會工作學系,77.5,1,7
技職,私立,中華醫事科技大學,760401,幼兒保育系,77.5,1,7
一般,私立,開南大學,340201,會計學系,77.59,1,3
一般,私立,真理大學,469905,財務與精算學系,77.78,1,4
技職,私立,經國管理暨健康學院,760401,幼兒保育系,77.78,1,7
技職,私立,南開科技大學,810245,數位旅遊管理系,77.78,1,8
技職,私立,修平科技大學,220312,應用英語系,78,1,2
技職,私立,建國科技大學,340819,行銷與服務管理系,78,1,3
技職,私立,華夏科技大學,520101,電機工程系,78,1,5
技職,公立,國立澎湖科技大學,621104,水產養殖系,78,1,6
一般,私立,中國醫藥大學,720324,中國藥學暨中藥資源學系,78,1,7
一般,私立,台灣首府大學,810114,飯店管理學系,78,1,8
技職,私立,中國科技大學,480109,資訊管理系,78.1,1,4
一般,私立,東海大學,210401,音樂學系,78.13,1,2
技職,私立,黎明技術學院,480313,數位多媒體系,78.18,1,4
技職,私立,高苑科技大學,520101,電機工程系,78.18,1,5
技職,私立,高苑科技大學,520301,土木工程系,78.18,1,5
技職,私立,美和科技大學,810201,觀光系,78.18,1,8
一般,私立,開南大學,210617,創意產業與數位電影學士學位學程,78.21,1,2
技職,私立,中華醫事科技大學,810102,餐旅管理系,78.24,1,8
一般,私立,玄奘大學,210522,影劇藝術學系,78.33,1,2
技職,私立,建國科技大學,810502,運動健康與休閒系,78.33,1,8
技職,私立,德霖技術學院,520312,營建科技系,78.57,1,5
技職,私立,元培醫事科技大學,340901,醫務管理系,78.76,1,3
一般,私立,明道大學,340301,企業管理學系,78.85,1,3
技職,私立,崑山科技大學,520103,電子工程系,78.89,1,5
技職,私立,修平科技大學,340526,應用財務金融系,78.95,1,3
一般,公立,國立臺灣大學,720708,醫學檢驗暨生物技術學系,78.95,1,7
技職,私立,健行科技大學,349906,工業管理系,79,1,3
一般,私立,明道大學,580208,景觀與環境設計學系,79,1,5
技職,私立,萬能科技大學,230302,商業設計系,79.07,1,2
一般,私立,開南大學,340501,財務金融學系,79.09,1,3
技職,公立,國立澎湖科技大學,340804,行銷與物流管理系,79.17,1,3
技職,公立,國立澎湖科技大學,520114,資訊工程系,79.17,1,5
技職,私立,大仁科技大學,810809,時尚美容應用系,79.17,1,8
一般,私立,開南大學,729908,養生與健康行銷學系,79.21,1,7
一般,私立,開南大學,340801,行銷學系,79.22,1,3
技職,私立,中華科技大學,520601,工業工程與管理系,79.25,1,5
一般,私立,長榮大學,340901,醫務管理學系,79.31,1,3
技職,私立,德霖技術學院,220312,應用英語系,79.59,1,2
技職,私立,南開科技大學,340301,企業管理系,79.59,1,3
一般,私立,開南大學,340321,企業與創業管理學系,79.78,1,3
技職,私立,醒吾科技大學,340403,國際商務系,79.79,1,3
一般,私立,長榮大學,210104,書畫藝術學系,80,1,2
技職,私立,醒吾科技大學,340301,企業管理系,80,1,3
技職,私立,南開科技大學,340802,行銷與流通管理系,80,1,3
一般,私立,中國文化大學,440203,地質學系,80,1,4
技職,私立,台北海洋技術學院,520214,輪機工程系,80,1,5
技職,私立,中華醫事科技大學,720327,製劑製造工程系,80,1,7
一般,私立,中國醫藥大學,720708,醫學檢驗生物技術學系,80,1,7
技職,私立,中州科技大學,810201,觀光與休閒管理系,80,1,8
技職,私立,大同技術學院,819913,茶文化與事業經營學士學位學程,80,1,8
技職,私立,台北海洋技術學院,840304,航海系,80,1,8
一般,私立,開南大學,349982,多媒體與行動商務學系,80.39,1,3
技職,私立,景文科技大學,340401,國際貿易系,80.43,1,3
技職,私立,景文科技大學,340501,財務金融系,80.43,1,3
一般,私立,中華大學,340504,財務管理學系,80.51,1,3
一般,公立,國立成功大學,720402,職能治療學系,80.65,1,7
技職,私立,元培醫事科技大學,720708,醫學檢驗生物技術系,80.72,1,7
一般,私立,中華大學,340301,企業管理學系,80.73,1,3
一般,私立,中國文化大學,620203,動物科學系,80.77,1,6
技職,私立,中華醫事科技大學,720501,食品營養系,80.77,1,7
技職,私立,南開科技大學,760204,福祉科技與服務管理系,80.85,1,7
一般,公立,國立屏東大學,810512,休閒事業經營學系,80.85,1,8
一般,私立,真理大學,220310,英美語文學系,80.91,1,2
一般,公立,國立臺中教育大學,210401,音樂學系,80.95,1,2
技職,私立,崑山科技大學,520901,環境工程系,80.95,1,5
技職,私立,健行科技大學,340501,財務金融系,81,1,3
技職,私立,台北海洋技術學院,760308,健康照顧社會工作系,81,1,7
一般,私立,華梵大學,210107,美術與文創學系,81.11,1,2
技職,私立,臺北城市科技大學,520201,機械工程系,81.25,1,5
一般,私立,長榮大學,210101,美術學系,81.4,1,2
技職,私立,景文科技大學,810101,旅館管理系,81.44,1,8
技職,私立,修平科技大學,340802,行銷與流通管理系,81.58,1,3
技職,私立,崇右技術學院,210524,演藝事業系,81.6,1,2
一般,私立,開南大學,320105,資訊傳播學系,81.61,1,3
技職,私立,德霖技術學院,520201,機械工程系,81.63,1,5
一般,私立,長榮大學,720504,保健營養學系,81.63,1,7
技職,私立,東南科技大學,230203,數位媒體設計系,81.71,1,2
一般,私立,明道大學,340501,財務金融學系,81.82,1,3
一般,公立,國立中山大學,440501,海洋生物科技暨資源學系,81.82,1,4
技職,私立,中臺科技大學,620602,食品科技系,81.82,1,6
一般,公立,國立陽明大學,720601,護理學系,81.82,1,7
技職,私立,中華科技大學,810224,觀光餐旅系,81.82,1,8
一般,私立,長榮大學,340301,企業管理學系,81.88,1,3
一般,私立,明道大學,230206,數位設計學系,82,1,2
技職,私立,崇右技術學院,230309,創意商品設計系,82,1,2
技職,私立,崇右技術學院,320303,影視傳播系,82,1,3
技職,私立,中國科技大學,340201,會計系,82,1,3
技職,私立,醒吾科技大學,340501,財務金融系,82,1,3
技職,私立,中國科技大學,520114,資訊工程系,82,1,5
技職,私立,明新科技大學,520404,化學工程與材料科技系,82,1,5
一般,私立,慈濟大學,720201,公共衛生學系,82,1,7
技職,私立,南開科技大學,810508,休閒事業管理系,82,1,8
技職,私立,中華醫事科技大學,810502,運動健康與休閒系,82.14,1,8
技職,私立,健行科技大學,230203,數位多媒體設計系,82.22,1,2
技職,私立,萬能科技大學,520267,航空光機電系,82.22,1,5
技職,私立,吳鳳科技大學,760401,幼兒保育系,82.22,1,7
技職,私立,南臺科技大學,810102,餐旅管理系,82.22,1,8
技職,私立,環球科技大學,810244,觀光與生態旅遊系,82.22,1,8
技職,私立,大仁科技大學,810202,觀光事業系,82.41,1,8
技職,私立,中國科技大學,810204,觀光與休閒事業管理系,82.42,1,8
一般,私立,義守大學,720507,營養學系,82.46,1,7
一般,公立,國立金門大學,620601,食品科學系,82.5,1,6
一般,公立,國立金門大學,810502,運動與休閒學系,82.5,1,8
技職,私立,弘光科技大學,420302,生物科技系,82.56,1,4
技職,私立,健行科技大學,340301,企業管理系,82.67,1,3
技職,私立,建國科技大學,520301,土木工程系,82.73,1,5
技職,私立,元培醫事科技大學,620601,食品科學系,82.73,1,6
技職,私立,嘉南藥理大學,760401,嬰幼兒保育系,82.73,1,7
一般,私立,華梵大學,230303,工業設計學系,82.76,1,2
技職,私立,嘉南藥理大學,760203,老人服務事業管理系,82.76,1,7
一般,私立,稻江科技暨管理學院,230124,動畫遊戲設計學系,82.86,1,2
一般,公立,國立臺灣大學,420107,昆蟲學系,82.86,1,4
技職,私立,樹德科技大學,520180,車用電子學士學位學程,82.86,1,5
技職,私立,東南科技大學,810102,餐旅管理系,82.86,1,8
技職,私立,大仁科技大學,420302,生物科技系,82.98,1,4
技職,私立,大仁科技大學,720223,環境與職業安全衛生系,82.98,1,7
技職,私立,元培醫事科技大學,720717,醫學影像暨放射技術系,82.98,1,7
技職,私立,正修科技大學,520103,電子工程系,83,1,5
技職,私立,嘉南藥理大學,480513,應用空間資訊系,83.04,1,4
技職,私立,嘉南藥理大學,480519,資訊多媒體應用系,83.04,1,4
技職,私立,高苑科技大學,810202,觀光事業管理系,83.04,1,8
一般,私立,中華大學,840102,運輸科技與物流管理學系,83.05,1,8
一般,私立,中華大學,810102,餐旅管理學系,83.16,1,8
一般,私立,中華大學,220301,外國語文學系,83.18,1,2
一般,私立,開南大學,480109,資訊管理學系,83.21,1,4
技職,私立,中臺科技大學,140409,兒童教育暨事業經營系,83.33,1,1
一般,公立,國立臺北藝術大學,210408,傳統音樂學系,83.33,1,2
一般,私立,長庚大學,340302,工商管理學系,83.33,1,3
技職,私立,南開科技大學,349906,工業管理系,83.33,1,3
技職,私立,中華醫事科技大學,520905,環境與安全衛生工程系,83.33,1,5
技職,私立,建國科技大學,810201,觀光系,83.33,1,8
技職,私立,黎明技術學院,810201,觀光休閒系,83.33,1,8
技職,私立,元培醫事科技大學,810514,健康休閒管理系,83.33,1,8
一般,私立,中華大學,349901,科技管理學系,83.64,1,3
一般,私立,開南大學,230147,數位空間與商品設計學士學位學程,83.72,1,2
一般,私立,真理大學,349906,工業管理與經營資訊學系,83.78,1,3
一般,私立,長榮大學,221105,應用哲學系,83.87,1,2
一般,私立,義守大學,819910,娛樂事業管理學系,83.87,1,8
技職,私立,遠東科技大學,810504,休閒運動管理系,83.89,1,8
一般,私立,真理大學,229906,人文與資訊學系,84,1,2
技職,私立,德霖技術學院,230317,創意產品設計系,84,1,2
技職,私立,修平科技大學,349919,人力資源管理與發展系,84,1,3
一般,私立,高雄醫學大學,420302,生物科技學系,84,1,4
一般,私立,實踐大學,480109,資訊管理學系,84,1,4
技職,私立,德霖技術學院,520114,資訊工程系,84,1,5
一般,私立,中國醫藥大學,720209,職業安全與衛生學系,84,1,7
一般,公立,國立嘉義大學,621014,木質材料與設計學系,84.09,1,6
技職,私立,崑山科技大學,340501,財務金融系,84.21,1,3
一般,公立,國立臺灣大學,720402,職能治療學系,84.21,1,7
一般,公立,國立金門大學,760301,社會工作學系,84.21,1,7
一般,私立,大葉大學,340301,企業管理學系,84.27,1,3
技職,私立,華夏科技大學,230203,數位媒體設計系,84.29,1,2
技職,私立,嘉南藥理大學,810520,運動管理系,84.31,1,8
技職,私立,高苑科技大學,810504,休閒運動管理系,84.35,1,8
一般,私立,大葉大學,860114,消防安全學士學位學程,84.38,1,8
一般,公立,國立陽明大學,990199,學士班大一大二不分系,84.38,1,9
技職,私立,大仁科技大學,230203,數位多媒體設計系,84.44,1,2
一般,私立,中國醫藥大學,340901,醫務管理學系,84.44,1,3
一般,私立,中山醫學大學,720402,職能治療學系,84.44,1,7
一般,私立,高雄醫學大學,310501,心理學系,84.48,1,3
一般,私立,中華大學,230303,工業產品設計學系,84.69,1,2
一般,私立,開南大學,340905,健康產業管理學系,84.78,1,3
技職,私立,景文科技大學,480109,資訊管理系,84.78,1,4
技職,私立,高苑科技大學,220303,應用外語系,84.8,1,2
一般,私立,實踐大學,340801,行銷管理學系,84.82,1,3
一般,私立,開南大學,810508,休閒事業管理學系,84.91,1,8
一般,私立,開南大學,840102,運輸科技與管理學系,84.91,1,8
一般,私立,玄奘大學,380101,法律學系,85,1,3
一般,公立,國立臺灣大學,420103,生命科學系,85,1,4
技職,私立,嶺東科技大學,480101,資訊科技系,85,1,4
技職,私立,台北海洋技術學院,810505,海洋運動休閒系,85,1,8
一般,私立,開南大學,380101,法律學系,85.05,1,3
技職,私立,中華科技大學,580101,建築系,85.09,1,5
一般,私立,中國文化大學,310201,政治學系,85.19,1,3
技職,私立,中國科技大學,340301,企業管理系,85.21,1,3
一般,私立,長榮大學,520114,資訊工程學系,85.23,1,5
技職,私立,嘉南藥理大學,480109,資訊管理系,85.26,1,4
一般,私立,真理大學,810208,觀光數位知識學系,85.26,1,8
技職,私立,中華科技大學,520201,機械工程系,85.37,1,5
一般,私立,慈濟大學,720401,物理治療學系,85.37,1,7
一般,公立,國立成功大學,720601,護理學系,85.37,1,7
技職,私立,萬能科技大學,810101,旅館管理系,85.44,1,8
技職,私立,景文科技大學,220303,應用外語系,85.51,1,2
技職,私立,崑山科技大學,340301,企業管理系,85.56,1,3
技職,私立,景文科技大學,810214,旅遊管理系,85.57,1,8
一般,私立,真理大學,340201,會計資訊學系,85.58,1,3
一般,私立,中國文化大學,210511,舞蹈學系,85.71,1,2
一般,私立,長榮大學,210909,台灣文化創意產業學士學位學程,85.71,1,2
一般,私立,開南大學,310808,公共事務管理學系,85.71,1,3
一般,私立,稻江科技暨管理學院,340303,經營管理學士學位學程,85.71,1,3
一般,私立,實踐大學,340508,金融管理學系,85.71,1,3
一般,公立,國立陽明大學,420103,生命科學系暨基因體科學研究所,85.71,1,4
技職,私立,中臺科技大學,480109,資訊管理系,85.71,1,4
技職,私立,輔英科技大學,520903,環境工程與科學系,85.71,1,5
技職,私立,臺北城市科技大學,810103,餐飲管理系,85.8,1,8
技職,私立,美和科技大學,810502,運動與休閒系,85.88,1,8
一般,私立,明道大學,810102,餐旅管理學系,85.91,1,8
一般,私立,中國文化大學,440101,化學系,85.96,1,4
一般,私立,長庚大學,720705,醫學生物技術暨檢驗學系,85.96,1,7
一般,私立,中國文化大學,210101,美術學系,86,1,2
一般,私立,中國文化大學,210402,中國音樂學系,86,1,2
一般,私立,實踐大學,340401,國際貿易學系,86,1,3
一般,私立,慈濟大學,420318,分子生物暨人類遺傳學系,86,1,4
一般,私立,中華大學,420610,生物資訊學系,86,1,4
技職,私立,健行科技大學,520201,機械工程系,86,1,5
一般,公立,國立嘉義大學,640101,獸醫學系,86,1,6
一般,私立,中國醫藥大學,720201,公共衛生學系,86,1,7
一般,私立,中國醫藥大學,720401,物理治療學系,86,1,7
技職,私立,臺北城市科技大學,810101,旅館事業管理學士學位學程,86,1,8
技職,私立,中華科技大學,840202,航空服務管理系,86.09,1,8
一般,公立,國立成功大學,310501,心理學系,86.21,1,3
一般,私立,慈濟大學,220319,東方語文學系,86.25,1,2
一般,私立,玄奘大學,310501,應用心理學系,86.25,1,3
一般,公立,國立屏東大學,520130,電腦與通訊學系,86.27,1,5
技職,私立,南臺科技大學,210414,流行音樂產業系,86.36,1,2
一般,私立,中華大學,480109,資訊管理學系,86.44,1,4
一般,公立,國立臺東大學,810513,身心整合與運動休閒產業學系,86.49,1,8
技職,私立,臺北城市科技大學,230203,數位多媒體設計系,86.61,1,2
一般,公立,國立屏東大學,210401,音樂學系,86.67,1,2
技職,私立,建國科技大學,220303,應用外語系,86.67,1,2
技職,私立,遠東科技大學,220339,觀光英語系,86.67,1,2
技職,私立,醒吾科技大學,340527,理財經營管理系,86.67,1,3
一般,私立,華梵大學,580101,建築學系,86.67,1,5
一般,私立,臺北醫學大學,720613,呼吸治療學系,86.67,1,7
一般,私立,高雄醫學大學,720712,醫學影像暨放射科學系,86.67,1,7
一般,私立,慈濟大學,720714,醫學資訊學系,86.67,1,7
一般,私立,中山醫學大學,720714,醫學資訊學系,86.67,1,7
一般,公立,國立高雄大學,810302,運動競技學系,86.67,1,8
技職,私立,萬能科技大學,810204,觀光與休閒事業管理系,86.84,1,8
技職,私立,嘉南藥理大學,810601,生活應用與保健系,86.84,1,8
一般,私立,臺北醫學大學,720301,藥學系,86.89,1,7
技職,私立,崑山科技大學,520101,電機工程系,86.92,1,5
技職,私立,景文科技大學,520114,資訊工程系,86.96,1,5
技職,私立,正修科技大學,760401,幼兒保育系,86.96,1,7
技職,私立,崑山科技大學,810502,運動健康與休閒學士學位學程,86.96,1,8
技職,私立,臺北城市科技大學,810802,化妝品應用與管理系,86.96,1,8
技職,私立,東南科技大學,230317,創意產品設計系,87,1,2
技職,私立,樹德科技大學,340301,企業管理系,87,1,3
技職,私立,樹德科技大學,340505,金融系,87,1,3
技職,私立,臺北城市科技大學,340802,行銷與流通管理系,87,1,3
技職,私立,聖約翰科技大學,810504,休閒運動與健康管理系,87,1,8
技職,私立,環球科技大學,810205,觀光與餐飲旅館系,87.04,1,8
一般,私立,真理大學,340301,企業管理學系,87.07,1,3
技職,私立,修平科技大學,520101,電機工程系,87.1,1,5
技職,私立,中國科技大學,340802,行銷與流通管理系,87.12,1,3
一般,私立,南華大學,340501,財務金融學系,87.23,1,3
一般,私立,義守大學,520126,通訊工程學系,87.23,1,5
一般,私立,中國文化大學,220314,法國語文學系,87.27,1,2
一般,私立,真理大學,520114,資訊工程學系,87.27,1,5
一般,私立,明道大學,620104,精緻農業學系,87.27,1,6
技職,私立,健行科技大學,349945,物業經營與管理系,87.37,1,3
技職,私立,修平科技大學,230203,數位媒體設計系,87.41,1,2
一般,公立,國立臺中教育大學,140211,數學教育學系,87.5,1,1
一般,公立,國立東華大學,210401,音樂學系,87.5,1,2
一般,公立,國立臺東大學,220204,華語文學系,87.5,1,2
一般,公立,國立東華大學,220211,華文文學系,87.5,1,2
技職,私立,台南應用科技大學,340201,會計資訊系,87.5,1,3
一般,私立,義守大學,340309,國際企業經營學系,87.5,1,3
一般,公立,國立臺灣大學,420310,生化科技學系,87.5,1,4
一般,公立,國立臺南大學,460102,應用數學系,87.5,1,4
一般,公立,國立金門大學,580309,都市計畫與景觀學系,87.5,1,5
一般,私立,馬偕醫學院,720601,護理學系,87.5,1,7
一般,私立,臺北醫學大學,720803,牙體技術學系,87.5,1,7
技職,私立,正修科技大學,520201,機械工程系,87.59,1,5
技職,私立,景文科技大學,810103,餐飲管理系,87.63,1,8
技職,私立,輔英科技大學,810210,休閒與遊憩事業管理系,87.63,1,8
一般,私立,中國文化大學,420103,生命科學系,87.72,1,4
技職,私立,嘉南藥理大學,720306,醫藥化學系,87.72,1,7
一般,公立,國立臺北教育大學,140206,自然科學教育學系,87.76,1,1
技職,私立,臺北城市科技大學,480109,資訊管理系,87.78,1,4
技職,私立,中華醫事科技大學,720708,醫學檢驗生物技術系,87.78,1,7
一般,公立,國立東華大學,140329,體育與運動科學系,87.8,1,1
技職,私立,崑山科技大學,320401,公共關係暨廣告系,87.83,1,3
一般,私立,中華大學,340307,國際企業學系,87.93,1,3
技職,私立,嘉南藥理大學,420302,生物科技系,87.93,1,4
一般,私立,開南大學,720504,保健營養學系,87.93,1,7
一般,私立,義守大學,210615,電影與電視學系,88,1,2
技職,私立,崇右技術學院,230201,視覺傳達設計系,88,1,2
技職,私立,正修科技大學,230203,數位多媒體設計系,88,1,2
一般,私立,玄奘大學,320101,大眾傳播學系,88,1,3
技職,私立,嶺東科技大學,340301,企業管理系,88,1,3
技職,私立,嶺東科技大學,340701,財政系,88,1,3
技職,私立,醒吾科技大學,340802,行銷與流通管理系,88,1,3
一般,公立,國立宜蘭大學,621001,森林暨自然資源學系,88,1,6
一般,私立,中國醫藥大學,720804,口腔衛生學系,88,1,7
技職,私立,元培醫事科技大學,810103,餐飲管理系,88,1,8
技職,私立,僑光科技大學,810125,旅館與會展管理系,88,1,8
技職,私立,東南科技大學,810508,休閒事業管理系,88,1,8
一般,私立,實踐大學,810511,休閒產業管理學系,88,1,8
一般,公立,國立臺東大學,140315,體育學系,88.1,1,1
一般,公立,國立臺東大學,140813,數位媒體與文教產業學系,88.1,1,1
技職,私立,嘉南藥理大學,520903,環境工程與科學系,88.1,1,5
一般,私立,大葉大學,810537,運動健康管理學系,88.1,1,8
一般,私立,真理大學,220321,應用日語學系,88.18,1,2
技職,私立,中臺科技大學,340801,行銷管理系,88.18,1,3
一般,公立,國立中正大學,311007,犯罪防治學系,88.24,1,3
一般,私立,中華大學,349906,工業管理學系,88.24,1,3
技職,私立,輔英科技大學,440105,應用化學及材料科學系,88.24,1,4
一般,私立,大葉大學,810102,餐旅管理學系,88.24,1,8
一般,私立,實踐大學,220312,應用英語學系,88.29,1,2
一般,私立,長榮大學,340307,國際企業學系,88.33,1,3
一般,私立,長榮大學,480109,資訊管理學系,88.33,1,4
技職,私立,中臺科技大學,720713,視光系,88.33,1,7
技職,私立,嘉南藥理大學,810202,觀光事業管理系,88.33,1,8
一般,公立,國立高雄大學,810502,運動健康與休閒學系,88.33,1,8
技職,私立,弘光科技大學,220312,應用英語系,88.37,1,2
技職,私立,弘光科技大學,520114,資訊工程系,88.37,1,5
一般,私立,長庚大學,720613,呼吸治療學系,88.37,1,7
一般,私立,大葉大學,810508,休閒事業管理學系,88.37,1,8
技職,私立,弘光科技大學,810810,美髮造型設計系,88.37,1,8
技職,私立,台南應用科技大學,810605,生活服務產業系,88.42,1,8
一般,私立,長榮大學,310519,健康心理學系,88.46,1,3
技職,私立,南開科技大學,520121,自動化工程系,88.57,1,5
一般,私立,長庚大學,720712,醫學影像暨放射科學系,88.57,1,7
一般,私立,臺北醫學大學,720804,口腔衛生學系,88.57,1,7
技職,私立,高苑科技大學,580101,建築系,88.62,1,5
一般,公立,國立臺中教育大學,140315,體育學系,88.64,1,1
一般,私立,義守大學,480109,資訊管理學系,88.66,1,4
技職,私立,正修科技大學,520101,電機工程系,88.7,1,5
技職,私立,修平科技大學,810203,觀光與遊憩管理系,88.75,1,8
一般,公立,國立臺東大學,140101,教育學系,88.89,1,1
一般,私立,實踐大學,220338,應用日文學系,88.89,1,2
一般,私立,大葉大學,220345,文創產業國際人才學士學位學程,88.89,1,2
技職,私立,中國科技大學,239906,影視設計系,88.89,1,2
技職,私立,樹德科技大學,340412,會議展覽與國際行銷學位學程,88.89,1,3
技職,私立,中國科技大學,340501,財務金融系,88.89,1,3
一般,私立,真理大學,480109,資訊管理學系,88.89,1,4
一般,私立,長榮大學,521305,科技工程與管理學系,88.89,1,5
一般,私立,中國醫藥大學,720407,運動醫學系,88.89,1,7
一般,公立,國立陽明大學,720705,醫學生物技術暨檢驗學系,88.89,1,7
一般,私立,中國文化大學,220201,中國文學系,88.95,1,2
一般,私立,大葉大學,210606,造形藝術學系,89,1,2
技職,私立,正修科技大學,220303,應用外語系,89,1,2
一般,私立,中國文化大學,310101,經濟學系,89.09,1,3
一般,私立,實踐大學,340307,國際企業管理學系,89.09,1,3
一般,私立,真理大學,340401,國際貿易學系,89.09,1,3
一般,私立,中山醫學大學,449910,醫學應用化學系,89.09,1,4
一般,私立,中國文化大學,460102,應用數學系,89.09,1,4
一般,私立,中國文化大學,620702,土地資源學系,89.09,1,6
一般,私立,中山醫學大學,810107,健康餐飲暨產業管理學系,89.09,1,8
技職,私立,樹德科技大學,810230,休閒與觀光管理系,89.09,1,8
技職,私立,嘉南藥理大學,850103,環境資源管理系,89.09,1,8
技職,私立,景文科技大學,340802,行銷與流通管理系,89.13,1,3
一般,私立,義守大學,469903,財務與計算數學系,89.13,1,4
技職,私立,遠東科技大學,810213,旅遊事業管理系,89.17,1,8
技職,私立,醒吾科技大學,230302,商業設計系,89.22,1,2
一般,私立,靜宜大學,460201,統計資訊學系,89.29,1,4
一般,私立,實踐大學,520128,資訊科技與通訊學系,89.29,1,5
一般,私立,中國文化大學,520701,紡織工程學系,89.29,1,5
一般,私立,中華大學,580202,景觀建築學系,89.29,1,5
一般,私立,義守大學,720601,護理學系,89.29,1,7
一般,私立,臺北醫學大學,720708,醫學檢驗暨生物技術學系,89.29,1,7
技職,私立,萬能科技大學,810103,餐飲管理系,89.3,1,8
技職,私立,萬能科技大學,840201,航空暨運輸服務管理系,89.33,1,8
一般,私立,高雄醫學大學,720804,口腔衛生學系,89.36,1,7
一般,私立,開南大學,220321,應用日語學系,89.38,1,2
技職,私立,中臺科技大學,720601,護理系,89.41,1,7
一般,公立,國立臺灣藝術大學,210501,戲劇學系,89.47,1,2
一般,私立,中國文化大學,440401,大氣科學系,89.47,1,4
一般,公立,國立金門大學,720607,長期照護學系,89.47,1,7
技職,私立,嘉南藥理大學,340901,醫務管理系,89.51,1,3
一般,公立,國立聯合大學,340501,財務金融學系,89.58,1,3
一般,公立,國立中正大學,520401,化學工程學系,89.58,1,5
技職,私立,嘉南藥理大學,760301,社會工作系,89.63,1,7
一般,私立,中國文化大學,310601,地理學系,89.66,1,3
一般,私立,中國文化大學,311003,勞工關係學系,89.66,1,3
一般,私立,中國文化大學,620302,園藝暨生物技術學系,89.66,1,6
一般,私立,臺北醫學大學,720201,公共衛生學系,89.66,1,7
技職,私立,景文科技大學,230201,視覺傳達設計系,89.69,1,2
技職,私立,崑山科技大學,520201,機械工程系,89.7,1,5
一般,私立,開南大學,340307,國際企業學系,89.77,1,3
一般,私立,長榮大學,480525,數位內容創作學士學位學程,89.8,1,4
一般,公立,國立臺灣體育運動大學,810402,運動健康科學學系,89.8,1,8
技職,私立,正修科技大學,340301,企業管理系,89.83,1,3
一般,私立,中國文化大學,580305,市政暨環境規劃學系,89.83,1,5
一般,私立,義守大學,810201,觀光學系,89.83,1,8
一般,私立,中華大學,220321,應用日語學系,89.9,1,2
一般,公立,國立臺灣師範大學,140325,健康促進與衛生教育學系,90,1,1
一般,私立,慈濟大學,140402,兒童發展與家庭教育學系,90,1,1
一般,公立,國立聯合大學,220102,臺灣語文與傳播學系,90,1,2
一般,私立,中山醫學大學,220706,應用外國語言學系,90,1,2
一般,公立,國立嘉義大學,220907,應用歷史學系,90,1,2
技職,私立,樹德科技大學,230304,生活產品設計系,90,1,2
一般,私立,佛光大學,310102,應用經濟學系,90,1,3
一般,公立,國立東華大學,310402,民族事務與發展學系,90,1,3
一般,私立,銘傳大學,310808,公共事務學系,90,1,3
技職,私立,台南應用科技大學,340301,企業管理系,90,1,3
技職,私立,樹德科技大學,340308,國際企業與貿易系,90,1,3
技職,私立,嶺東科技大學,340501,財務金融系,90,1,3
一般,公立,國立屏東大學,340802,行銷與流通管理學系,90,1,3
一般,私立,長榮大學,349901,科技管理學位學程,90,1,3
一般,公立,國立東華大學,349979,管理學院管理科學與財金國際學士學位學程,90,1,3
一般,私立,真理大學,380101,法律學系,90,1,3
一般,公立,國立臺灣師範大學,420103,生命科學系,90,1,4
一般,公立,國立中興大學,420107,昆蟲學系,90,1,4
一般,私立,亞洲大學,420302,生物科技學系,90,1,4
一般,公立,國立中央大學,449999,理學院學士班,90,1,4
技職,私立,健行科技大學,480109,資訊管理系,90,1,4
一般,私立,中華大學,520101,電機工程學系,90,1,5
一般,私立,中華大學,520103,電子工程學系,90,1,5
一般,公立,國立金門大學,520114,資訊工程學系,90,1,5
技職,私立,健行科技大學,520301,土木工程系,90,1,5
一般,公立,國立金門大學,520325,土木與工程管理學系,90,1,5
技職,私立,正修科技大學,520601,工業工程與管理系,90,1,5
技職,私立,東南科技大學,529902,能源與冷凍空調工程系,90,1,5
一般,公立,國立金門大學,580101,建築學系,90,1,5
一般,私立,長榮大學,580304,土地管理與開發學系,90,1,5
一般,私立,中山醫學大學,720201,公共衛生學系,90,1,7
一般,公立,國立成功大學,720301,藥學系,90,1,7
一般,私立,高雄醫學大學,720401,物理治療學系,90,1,7
一般,私立,中山醫學大學,720401,物理治療學系,90,1,7
一般,私立,長庚大學,720402,職能治療學系,90,1,7
一般,公立,國立陽明大學,720411,物理治療暨輔助科技學系,90,1,7
一般,私立,高雄醫學大學,720601,護理學系,90,1,7
一般,私立,中山醫學大學,720601,護理學系,90,1,7
一般,私立,中山醫學大學,720708,醫學檢驗暨生物技術學系,90,1,7
一般,私立,大葉大學,720713,視光學系,90,1,7
一般,私立,中山醫學大學,720713,視光學系,90,1,7
技職,私立,中臺科技大學,720803,牙體技術暨材料系,90,1,7
一般,私立,臺北醫學大學,760219,高齡健康管理學系,90,1,7
技職,私立,台南應用科技大學,810101,旅館管理系,90,1,8
技職,私立,醒吾科技大學,810201,觀光休閒系,90,1,8
一般,公立,國立臺東大學,810302,運動競技學士學位學程,90,1,8
技職,私立,經國管理暨健康學院,810502,運動健康與休閒系,90,1,8
一般,私立,真理大學,810521,運動資訊傳播學系,90,1,8
技職,私立,朝陽科技大學,440102,應用化學系,90.14,1,4
一般,私立,大葉大學,480109,資訊管理學系,90.2,1,4
技職,私立,輔英科技大學,720504,保健營養系,90.2,1,7
一般,私立,大葉大學,230324,綠色產品設計學士學位學程,90.24,1,2
技職,私立,台南應用科技大學,340309,國際企業經營系,90.24,1,3
一般,公立,國立聯合大學,520101,電機工程學系,90.24,1,5
一般,私立,長榮大學,320101,大眾傳播學系,90.32,1,3
技職,私立,臺北城市科技大學,520114,資訊工程系,90.32,1,5
技職,私立,南臺科技大學,520201,機械工程系,90.33,1,5
一般,公立,國立中央大學,520403,化學工程與材料工程學系,90.38,1,5
一般,私立,中國醫藥大學,720301,藥學系,90.38,1,7
技職,私立,中華科技大學,810103,餐飲管理系,90.38,1,8
一般,私立,開南大學,840108,物流與航運管理學系,90.38,1,8
一般,公立,國立中央大學,440401,大氣科學學系,90.41,1,4
技職,私立,修平科技大學,220321,應用日語系,90.48,1,2
一般,私立,真理大學,340702,財政稅務學系,90.48,1,3
一般,公立,國立體育大學,810516,體育推廣學系,90.57,1,8
一般,公立,國立臺灣大學,310501,心理學系,90.63,1,3
一般,私立,明道大學,220321,應用日語學系,90.65,1,2
一般,私立,開南大學,220312,應用英語學系,90.7,1,2
一般,公立,國立彰化師範大學,520103,電子工程學系,90.7,1,5
一般,私立,大葉大學,810242,觀光旅遊學系,90.7,1,8
一般,私立,大葉大學,420314,分子生物科技學系,90.74,1,4
一般,私立,中華大學,520201,機械工程學系,90.74,1,5
一般,私立,佛光大學,310808,公共事務學系,90.77,1,3
技職,私立,元培醫事科技大學,810201,觀光與休閒管理系,90.77,1,8
一般,私立,長榮大學,720209,職業安全與衛生學系,90.8,1,7
一般,私立,中華大學,810210,休閒遊憩規劃與管理學系,90.8,1,8
技職,私立,大仁科技大學,810102,餐旅管理系,90.85,1,8
技職,私立,醒吾科技大學,320105,資訊傳播系,90.91,1,3
一般,公立,國立暨南國際大學,340307,國際企業學系,90.91,1,3
一般,私立,真理大學,340501,財務金融學系,90.91,1,3
一般,公立,國立高雄師範大學,420302,生物科技系,90.91,1,4
一般,公立,國立政治大學,460102,應用數學系,90.91,1,4
一般,公立,國立暨南國際大學,520301,土木工程學系,90.91,1,5
技職,私立,華夏科技大學,580101,建築系,90.91,1,5
一般,公立,國立臺灣大學,620801,農業化學系,90.91,1,6
一般,私立,長庚大學,720401,物理治療學系,90.91,1,7
一般,私立,輔仁大學,720402,職能治療學系,90.91,1,7
一般,私立,世新大學,380101,法律學系,91,1,3
技職,私立,正修科技大學,480109,資訊管理系,91,1,4
技職,私立,嶺東科技大學,480201,資訊網路系,91,1,4
一般,公立,國立臺東大學,520114,資訊工程學系,91,1,5
技職,私立,樹德科技大學,520114,資訊工程系,91,1,5
技職,私立,明新科技大學,810508,休閒事業管理系,91,1,8
一般,私立,南華大學,340301,企業管理學系,91.01,1,3
一般,私立,長榮大學,810255,觀光與餐飲管理學系,91.01,1,8
一般,私立,實踐大學,340209,會計暨稅務學系,91.07,1,3
一般,公立,國立成功大學,520205,航空太空工程學系,91.07,1,5
一般,公立,國立成功大學,520901,環境工程學系,91.07,1,5
一般,公立,國立臺中教育大學,140206,科學教育與應用學系,91.11,1,1
技職,私立,東南科技大學,210707,表演藝術系,91.11,1,2
技職,私立,樹德科技大學,211011,藝術管理與藝術經紀學位學程,91.11,1,2
一般,私立,佛光大學,310501,心理學系,91.11,1,3
一般,公立,國立暨南國際大學,310704,東南亞學系,91.11,1,3
一般,私立,長榮大學,340126,國際財務與商務管理學士學位學程,91.11,1,3
一般,公立,國立嘉義大學,340828,行銷與觀光管理學系,91.11,1,3
一般,私立,中山醫學大學,420503,生物醫學科學學系,91.11,1,4
一般,公立,國立彰化師範大學,480109,資訊管理學系,91.11,1,4
一般,公立,國立臺東大學,480109,資訊管理學系,91.11,1,4
技職,私立,弘光科技大學,521108,生物醫學工程系,91.11,1,5
一般,公立,國立嘉義大學,620301,園藝學系,91.11,1,6
技職,私立,慈濟科技大學,720601,護理系,91.11,1,7
一般,私立,佛光大學,810127,健康與創意素食產業學系,91.11,1,8
技職,公立,國立屏東科技大學,810533,休閒運動健康系,91.11,1,8
一般,公立,國立臺灣藝術大學,210201,雕塑學系,91.18,1,2
一般,公立,國立東華大學,310301,社會學系,91.18,1,3
一般,公立,國立中山大學,440508,海洋科學系,91.18,1,4
一般,私立,南華大學,420302,自然生物科技學系,91.23,1,4
一般,私立,開南大學,810205,觀光與餐飲旅館學系,91.24,1,8
技職,私立,臺北城市科技大學,810202,觀光事業系,91.25,1,8
技職,私立,嘉南藥理大學,810509,休閒保健管理系,91.25,1,8
技職,私立,醒吾科技大學,230206,數位設計系,91.26,1,2
一般,公立,國立臺東大學,210105,美術產業學系,91.3,1,2
一般,公立,國立臺東大學,220310,英美語文學系,91.3,1,2
技職,私立,正修科技大學,340508,金融管理系,91.3,1,3
一般,公立,國立中央大學,420103,生命科學系,91.3,1,4
技職,私立,嶺東科技大學,810201,觀光與休閒管理系,91.33,1,8
技職,私立,正修科技大學,810815,化妝品與時尚彩妝系,91.33,1,8
一般,公立,國立成功大學,380101,法律學系,91.38,1,3
一般,私立,靜宜大學,480109,資訊管理學系,91.38,1,4
一般,私立,臺北醫學大學,720601,護理學系,91.38,1,7
一般,私立,實踐大學,230104,時尚設計學系,91.43,1,2
一般,私立,東海大學,520101,電機工程學系,91.43,1,5
一般,公立,國立成功大學,521108,生物醫學工程學系,91.43,1,5
技職,私立,健行科技大學,810102,餐旅管理系,91.43,1,8
技職,私立,中州科技大學,810111,餐飲廚藝系,91.43,1,8
技職,私立,元培醫事科技大學,480109,資訊管理系,91.45,1,4
技職,私立,南臺科技大學,520103,電子工程系,91.46,1,5
一般,私立,佛光大學,229908,文化資產與創意學系,91.49,1,2
技職,私立,台南應用科技大學,810801,美容造型設計系,91.58,1,8
技職,私立,黎明技術學院,810103,餐飲管理系,91.61,1,8
一般,公立,國立臺北教育大學,140210,數學暨資訊教育學系,91.67,1,1
一般,公立,國立臺中教育大學,220102,臺灣語文學系,91.67,1,2
一般,公立,國立中正大學,220301,外國語文學系,91.67,1,2
一般,公立,國立屏東大學,220312,應用英語學系,91.67,1,2
技職,私立,中華科技大學,239904,遊戲系統創新設計學位學程,91.67,1,2
一般,公立,國立中正大學,310501,心理學系,91.67,1,3
一般,私立,長榮大學,340201,會計資訊學系,91.67,1,3
一般,私立,中國文化大學,340307,國際企業管理學系,91.67,1,3
一般,公立,國立屏東大學,349916,不動產經營學系,91.67,1,3
一般,公立,國立中興大學,380101,法律學系,91.67,1,3
一般,公立,國立嘉義大學,420102,水生生物科學系,91.67,1,4
一般,私立,長榮大學,420302,生物科技學系,91.67,1,4
一般,公立,國立東華大學,440301,物理學系,91.67,1,4
一般,私立,元智大學,480109,資訊管理學系,91.67,1,4
技職,私立,文藻外語大學,480528,數位內容應用與管理系,91.67,1,4
一般,私立,元智大學,520106,光電工程學系,91.67,1,5
技職,私立,中華科技大學,520112,航空電子系,91.67,1,5
技職,公立,國立澎湖科技大學,520123,電信工程系,91.67,1,5
技職,私立,僑光科技大學,810204,觀光與休閒事業管理系,91.67,1,8
一般,私立,長榮大學,810302,運動競技學系,91.67,1,8
一般,公立,國立體育大學,810309,技擊運動技術學系,91.67,1,8
技職,私立,德霖技術學院,3499330,會展與觀光系,91.67,1,3
技職,私立,正修科技大學,520114,資訊工程系,91.76,1,5
技職,私立,崑山科技大學,810238,旅遊文化發展系,91.76,1,8
一般,私立,大葉大學,340307,國際企業管理學系,91.8,1,3
技職,私立,中臺科技大學,340905,醫療暨健康產業管理系,91.82,1,3
一般,私立,中國文化大學,140315,體育學系,91.84,1,1
一般,私立,中國文化大學,210501,戲劇學系,91.84,1,2
技職,私立,龍華科技大學,349906,工業管理系,91.84,1,3
一般,私立,義守大學,720210,健康管理學系,91.84,1,7
一般,公立,國立宜蘭大學,349966,應用經濟與管理學系,91.86,1,3
一般,私立,義守大學,340301,企業管理學系,91.92,1,3
一般,公立,國立聯合大學,520905,環境與安全衛生工程學系,91.92,1,5
技職,私立,醒吾科技大學,810216,旅運管理系,91.92,1,8
一般,私立,中國文化大學,220307,英國語文學系,91.96,1,2
一般,私立,元智大學,220303,應用外語學系,92,1,2
技職,私立,樹德科技大學,220303,應用外語系,92,1,2
技職,私立,龍華科技大學,220303,應用外語系,92,1,2
一般,公立,國立交通大學,229901,人文社會學系,92,1,2
一般,私立,義守大學,230203,數位多媒體設計學系,92,1,2
一般,公立,國立嘉義大學,310102,應用經濟學系,92,1,3
一般,私立,世新大學,310804,行政管理學系,92,1,3
一般,私立,義守大學,310807,公共政策與管理學系,92,1,3
一般,公立,國立屏東大學,340501,財務金融學系,92,1,3
一般,私立,亞洲大學,340501,財務金融學系,92,1,3
一般,私立,慈濟大學,420103,生命科學系,92,1,4
一般,公立,國立臺東大學,449901,應用科學系,92,1,4
一般,公立,國立臺北大學,520114,資訊工程學系,92,1,5
一般,公立,國立清華大學,520196,電機資訊學院學士班,92,1,5
技職,私立,龍華科技大學,520201,機械工程系,92,1,5
技職,私立,明新科技大學,520201,機械工程系,92,1,5
一般,公立,國立宜蘭大學,520901,環境工程學系,92,1,5
技職,公立,國立高雄海洋科技大學,520909,海洋環境工程系,92,1,5
技職,公立,國立澎湖科技大學,620601,食品科學系,92,1,6
一般,私立,大葉大學,720317,藥用植物與保健學系,92,1,7
技職,公立,國立屏東科技大學,810102,餐旅管理系,92,1,8
一般,私立,義守大學,810118,廚藝學系,92,1,8
技職,私立,正修科技大學,810201,觀光遊憩系,92,1,8
一般,公立,國立臺灣師範大學,810302,運動競技學系,92,1,8
一般,私立,中國文化大學,810313,技擊運動暨國術學系,92,1,8
一般,公立,國立臺北大學,810504,休閒運動管理學系,92,1,8
一般,公立,國立體育大學,810511,休閒產業經營學系,92,1,8
技職,私立,明新科技大學,810520,運動管理系,92,1,8
技職,私立,台南應用科技大學,810534,養生休閒管理學位學程,92,1,8
一般,私立,中國文化大學,520114,資訊工程學系,92.04,1,5
技職,私立,亞東技術學院,340802,行銷與流通管理系,92.11,1,3
一般,公立,國立清華大學,349996,科技管理學院學士班,92.11,1,3
一般,私立,南華大學,480109,資訊管理學系,92.11,1,4
一般,公立,國立成功大學,720401,物理治療學系,92.11,1,7
一般,私立,南華大學,520114,資訊工程學系,92.13,1,5
一般,私立,佛光大學,220301,外國語文學系,92.16,1,2
一般,私立,真理大學,310101,經濟學系,92.16,1,3
一般,私立,大葉大學,420307,生物資源學系,92.16,1,4
一般,私立,臺北醫學大學,340901,醫務管理學系,92.19,1,3
一般,公立,國立清華大學,990199,不分系招生,92.21,1,9
技職,私立,致理科技大學,810210,休閒遊憩管理系,92.22,1,8
一般,私立,長庚大學,720601,護理學系,92.23,1,7
一般,私立,中華大學,520114,資訊工程學系,92.25,1,5
一般,公立,國立金門大學,340301,企業管理學系,92.31,1,3
一般,公立,國立高雄大學,389901,政治法律學系,92.31,1,3
一般,公立,國立東華大學,420103,生命科學系,92.31,1,4
一般,公立,國立交通大學,420302,生物科技學系,92.31,1,4
技職,公立,國立虎尾科技大學,420302,生物科技系,92.31,1,4
一般,公立,國立宜蘭大學,620301,園藝學系,92.31,1,6
一般,公立,國立體育大學,810305,球類運動技術學系,92.31,1,8
一般,私立,高雄醫學大學,720306,醫藥暨應用化學系,92.45,1,7
一般,公立,國立新竹教育大學,140108,教育心理與諮商學系,92.5,1,1
一般,私立,慈濟大學,220310,英美語文學系,92.5,1,2
一般,私立,慈濟大學,221002,人類發展學系,92.5,1,2
一般,公立,國立聯合大學,230303,工業設計學系,92.5,1,2
一般,私立,佛光大學,310311,未來與樂活產業學系,92.5,1,3
一般,公立,國立臺南大學,310804,行政管理學系,92.5,1,3
一般,公立,國立金門大學,310901,國際暨大陸事務學系,92.5,1,3
一般,私立,佛光大學,320102,傳播學系,92.5,1,3
技職,私立,僑光科技大學,380201,財經法律系,92.5,1,3
一般,公立,國立高雄師範大學,440101,化學系,92.5,1,4
一般,公立,國立高雄師範大學,460101,數學系,92.5,1,4
一般,公立,國立臺南大學,520114,資訊工程學系,92.5,1,5
一般,私立,中原大學,520196,電機資訊學院學士班,92.5,1,5
一般,私立,高雄醫學大學,720708,醫學檢驗生物技術學系,92.5,1,7
一般,私立,長榮大學,3499335,不動產財務金融學士學位學程,92.5,1,3
一般,公立,國立聯合大學,520201,機械工程學系,92.53,1,5
一般,私立,真理大學,810520,運動管理學系,92.55,1,8
一般,私立,義守大學,520101,電機工程學系,92.57,1,5
一般,私立,中原大學,380201,財經法律學系,92.59,1,3
一般,私立,中國文化大學,520143,光電物理學系,92.59,1,5
技職,私立,朝陽科技大學,520906,環境工程與管理系,92.59,1,5
一般,私立,高雄醫學大學,720301,藥學系,92.62,1,7
一般,私立,真理大學,810202,觀光事業學系,92.66,1,8
技職,私立,健行科技大學,340802,行銷與流通管理系,92.67,1,3
技職,私立,嶺東科技大學,480109,資訊管理系,92.67,1,4
一般,公立,國立屏東大學,220201,中國語文學系,92.68,1,2
一般,公立,國立彰化師範大學,420101,生物學系,92.68,1,4
一般,公立,國立屏東大學,460102,應用數學系,92.68,1,4
一般,公立,國立臺灣大學,520239,生物產業機電工程學系,92.68,1,5
一般,公立,國立成功大學,220201,中國文學系,92.73,1,2
技職,私立,臺北城市科技大學,220303,應用外語系,92.73,1,2
一般,私立,南華大學,230317,創意產品設計學系,92.73,1,2
一般,私立,中國醫藥大學,420302,生物科技學系,92.73,1,4
一般,公立,國立暨南國際大學,480109,資訊管理學系,92.73,1,4
一般,私立,實踐大學,480507,資訊模擬與設計學系,92.73,1,4
一般,公立,國立成功大學,521002,水利及海洋工程學系,92.73,1,5
技職,私立,經國管理暨健康學院,720601,護理系,92.73,1,7
一般,私立,義守大學,810508,休閒事業管理學系,92.73,1,8
技職,私立,明新科技大學,760203,老人服務事業管理系,92.78,1,7
一般,公立,國立成功大學,520401,化學工程學系,92.81,1,5
一般,公立,國立臺北教育大學,140707,教育經營與管理學系,92.86,1,1
一般,公立,國立高雄大學,220306,西洋語文學系,92.86,1,2
一般,公立,國立屏東大學,220308,英語學系,92.86,1,2
一般,私立,大葉大學,340201,會計資訊學系,92.86,1,3
技職,私立,臺北城市科技大學,340301,企業管理系,92.86,1,3
一般,公立,國立聯合大學,340303,經營管理學系,92.86,1,3
一般,私立,佛光大學,340306,管理學系,92.86,1,3
技職,私立,龍華科技大學,340307,國際企業系,92.86,1,3
一般,公立,國立成功大學,440201,地球科學系,92.86,1,4
一般,私立,佛光大學,480503,資訊應用學系,92.86,1,4
一般,公立,國立宜蘭大學,520114,資訊工程學系,92.86,1,5
一般,私立,中國文化大學,621001,森林暨自然保育學系,92.86,1,6
一般,私立,義守大學,720402,職能治療學系,92.86,1,7
一般,私立,中國醫藥大學,720507,營養學系,92.86,1,7
一般,公立,國立成功大學,720708,醫學檢驗生物技術學系,92.86,1,7
技職,私立,大仁科技大學,810504,休閒運動管理系,92.86,1,8
一般,私立,開南大學,810609,形象與健康管理學士學位學程,92.86,1,8
技職,私立,嘉南藥理大學,720504,保健營養系,92.91,1,7
一般,私立,長榮大學,340501,財務金融學系,92.92,1,3
一般,私立,義守大學,349906,工業管理學系,92.94,1,3
一般,公立,國立成功大學,340201,會計學系,92.98,1,3
一般,公立,國立東華大學,520114,資訊工程學系,92.98,1,5
技職,私立,台南應用科技大學,220312,應用英語系,93,1,2
一般,公立,國立嘉義大學,220706,外國語言學系,93,1,2
技職,私立,嶺東科技大學,230103,流行設計系,93,1,2
技職,私立,正修科技大學,230125,時尚生活創意設計系,93,1,2
技職,私立,龍華科技大學,230137,文化創意與數位媒體設計系,93,1,2
技職,私立,僑光科技大學,230140,生活創意設計系,93,1,2
技職,私立,樹德科技大學,340805,運籌管理系,93,1,3
技職,私立,樹德科技大學,480109,資訊管理系,93,1,4
技職,私立,明新科技大學,520149,光電系統工程系,93,1,5
一般,私立,淡江大學,810233,國際觀光管理學系全英語學士班,93,1,8
一般,公立,國立臺灣海洋大學,621104,水產養殖學系,93.02,1,6
技職,私立,弘光科技大學,760205,老人福利與事業系,93.02,1,7
技職,私立,嘉南藥理大學,810802,化粧品應用與管理系,93.04,1,8
一般,私立,東吳大學,220201,中國文學系,93.06,1,2
技職,私立,台南應用科技大學,340501,財務金融系,93.06,1,3
一般,私立,中國文化大學,520101,電機工程學系,93.07,1,5
一般,公立,國立高雄師範大學,210401,音樂學系,93.1,1,2
一般,公立,國立成功大學,310201,政治學系,93.1,1,3
一般,私立,靜宜大學,380101,法律學系,93.1,1,3
技職,私立,台南應用科技大學,480109,資訊管理系,93.1,1,4
一般,私立,義守大學,520305,土木與生態工程學系,93.1,1,5
一般,私立,輔仁大學,720201,公共衛生學系,93.1,1,7
一般,私立,長榮大學,720601,護理學系,93.1,1,7
一般,私立,大同大學,520201,機械工程學系,93.14,1,5
一般,公立,國立臺灣海洋大學,420322,生命科學暨生物科技學系,93.18,1,4
一般,公立,國立高雄師範大學,520103,電子工程學系,93.18,1,5
一般,公立,國立高雄師範大學,520126,光電與通訊工程學系,93.18,1,5
一般,公立,國立聯合大學,520310,土木與防災工程學系,93.18,1,5
一般,私立,東吳大學,220901,歷史學系,93.22,1,2
一般,私立,東吳大學,221101,哲學系,93.22,1,2
一般,私立,東吳大學,310501,心理學系,93.22,1,3
技職,私立,正修科技大學,340307,國際企業系,93.22,1,3
一般,私立,中國文化大學,720504,保健營養學系,93.22,1,7
技職,私立,朝陽科技大學,520601,工業工程與管理系,93.27,1,5
技職,私立,中臺科技大學,720708,醫學檢驗生物技術系,93.27,1,7
技職,私立,中國科技大學,230201,視覺傳達設計系,93.28,1,2
一般,公立,國立臺東大學,140601,特殊教育學系,93.33,1,1
一般,公立,國立新竹教育大學,210401,音樂學系,93.33,1,2
一般,公立,國立臺灣藝術大學,210706,古蹟藝術修護學系,93.33,1,2
一般,私立,真理大學,220101,台灣文學系,93.33,1,2
一般,公立,國立臺北大學,220201,中國文學系,93.33,1,2
一般,私立,實踐大學,220202,應用中文學系,93.33,1,2
一般,私立,長榮大學,230146,創新互動設計學士學位學程,93.33,1,2
一般,公立,國立聯合大學,230150,文化創意與數位行銷學系,93.33,1,2
技職,私立,樹德科技大學,230201,視覺傳達設計系,93.33,1,2
技職,私立,嶺東科技大學,230201,視覺傳達設計系,93.33,1,2
一般,公立,國立暨南國際大學,310101,經濟學系,93.33,1,3
技職,私立,崑山科技大學,320105,資訊傳播系,93.33,1,3
一般,公立,國立高雄大學,340313,亞太工商管理學系,93.33,1,3
一般,私立,長榮大學,340415,國際會展管理學士學位學程,93.33,1,3
一般,私立,義守大學,340516,國際財務金融學系,93.33,1,3
一般,私立,高雄醫學大學,340908,醫務管理暨醫療資訊學系,93.33,1,3
一般,公立,國立臺灣大學,460101,數學系,93.33,1,4
一般,公立,國立臺灣海洋大學,520109,光電與材料科技學士學位學程,93.33,1,5
一般,公立,國立中正大學,520126,通訊工程學系,93.33,1,5
技職,私立,中臺科技大學,520905,環境與安全衛生工程系,93.33,1,5
一般,私立,銘傳大學,521108,生物醫學工程學系,93.33,1,5
一般,私立,東海大學,580203,景觀學系,93.33,1,5
一般,公立,國立中興大學,620514,國際農企業學士學位學程,93.33,1,6
一般,公立,國立臺灣大學,720201,公共衛生學系,93.33,1,7
一般,私立,馬偕醫學院,720405,聽力暨語言治療學系,93.33,1,7
一般,公立,國立陽明大學,720712,生物醫學影像暨放射科學系,93.33,1,7
技職,私立,樹德科技大學,760301,社會工作學士學位學程,93.33,1,7
技職,私立,黎明技術學院,810101,旅館管理系,93.33,1,8
技職,私立,崑山科技大學,810103,餐飲管理及廚藝學士學位學程,93.33,1,8
一般,公立,國立體育大學,810517,適應體育學系,93.33,1,8
一般,公立,國立宜蘭大學,810532,休閒產業與健康促進學系,93.33,1,8
技職,私立,中華醫事科技大學,819916,寵物美容學士學位學程,93.33,1,8
一般,私立,逢甲大學,520207,航太與系統工程學系,93.4,1,5
一般,公立,國立臺灣海洋大學,840302,商船學系,93.4,1,8
一般,私立,大葉大學,420306,生物產業科技學系,93.42,1,4
一般,私立,中國文化大學,480109,資訊管理學系,93.45,1,4
一般,公立,國立東華大學,210716,藝術創意產業學系,93.48,1,2
技職,公立,國立高雄應用科技大學,229910,文化創意產業系,93.48,1,2
一般,公立,國立成功大學,440301,物理學系,93.48,1,4
一般,公立,國立中山大學,480109,資訊管理學系,93.48,1,4
一般,私立,大葉大學,310734,歐洲文化與旅遊學士學位學程,93.55,1,3
技職,私立,醒吾科技大學,230117,時尚造形設計系,93.58,1,2
一般,公立,國立新竹教育大學,140122,教育與學習科技學系,93.59,1,1
技職,私立,中國科技大學,230401,室內設計系,93.61,1,2
技職,私立,文藻外語大學,220318,西班牙語文系,93.62,1,2
一般,公立,國立彰化師範大學,340301,企業管理學系,93.62,1,3
一般,公立,國立中正大學,460101,數學系,93.62,1,4
一般,公立,國立宜蘭大學,520226,機械與機電工程學系,93.62,1,5
一般,私立,長庚大學,420503,生物醫學系,93.64,1,4
一般,私立,中國文化大學,520403,化學工程與材料工程學系,93.64,1,5
技職,私立,德明財經科技大學,220303,應用外語系,93.68,1,2
一般,公立,國立屏東大學,140101,教育學系,93.75,1,1
一般,公立,國立中正大學,221101,哲學系,93.75,1,2
技職,公立,國立屏東科技大學,420302,生物科技系,93.75,1,4
一般,公立,國立嘉義大學,429905,微生物免疫與生物藥學系,93.75,1,4
一般,公立,國立臺灣師範大學,440101,化學系,93.75,1,4
一般,公立,國立彰化師範大學,440301,物理學系,93.75,1,4
一般,公立,國立新竹教育大學,449901,應用科學系,93.75,1,4
一般,公立,國立中興大學,480109,資訊管理學系,93.75,1,4
一般,公立,國立聯合大學,480109,資訊管理學系,93.75,1,4
技職,公立,國立澎湖科技大學,480109,資訊管理系,93.75,1,4
技職,私立,明新科技大學,520322,土木工程與環境資源管理系,93.75,1,5
技職,私立,崑山科技大學,520501,材料工程系,93.75,1,5
一般,私立,中山醫學大學,720712,醫學影像暨放射科學系,93.75,1,7
一般,公立,國立暨南國際大學,760301,社會政策與社會工作學系,93.75,1,7
技職,私立,嘉南藥理大學,810102,餐旅管理系,93.75,1,8
技職,公立,國立虎尾科技大學,810209,休閒遊憩系,93.75,1,8
技職,私立,台南應用科技大學,810527,運動休閒與健康管理系,93.75,1,8
一般,私立,大葉大學,819919,節慶暨婚禮企劃管理學士學位學程,93.75,1,8
技職,公立,國立澎湖科技大學,840106,航運管理系,93.75,1,8
一般,公立,國立臺灣海洋大學,520214,輪機工程學系,93.81,1,5
技職,私立,崑山科技大學,520130,電腦與通訊系,93.85,1,5
技職,私立,中國科技大學,340403,國際商務系,93.86,1,3
技職,私立,龍華科技大學,340301,企業管理系,93.88,1,3
一般,公立,國立交通大學,340306,管理科學系,93.88,1,3
一般,私立,義守大學,340403,國際商務學系,93.88,1,3
技職,私立,龍華科技大學,340501,財務金融系,93.88,1,3
一般,公立,國立中山大學,440101,化學系,93.88,1,4
技職,公立,國立高雄海洋科技大學,440501,海洋生物技術系,93.88,1,4
一般,私立,大葉大學,520901,環境工程學系,93.88,1,5
一般,私立,慈濟大學,720101,醫學系,93.88,1,7
一般,公立,國立體育大學,810306,陸上運動技術學系,93.88,1,8
一般,公立,國立聯合大學,520103,電子工程學系,93.89,1,5
一般,私立,中國文化大學,340201,會計學系,93.91,1,3
一般,私立,大葉大學,521115,醫療器材設計與材料學士學位學程,93.94,1,5
一般,私立,長榮大學,840106,航運管理學系,93.97,1,8
一般,公立,國立臺北教育大學,210906,藝術與造形設計學系,93.98,1,2
一般,公立,國立嘉義大學,210401,音樂學系,94,1,2
一般,私立,中國文化大學,210401,音樂學系,94,1,2
一般,私立,真理大學,210404,音樂應用學系,94,1,2
技職,私立,臺北城市科技大學,210524,演藝事業學士學位學程,94,1,2
一般,公立,國立嘉義大學,220201,中國文學系,94,1,2
一般,私立,世新大學,220201,中國文學系,94,1,2
一般,私立,大葉大學,220308,英語學系,94,1,2
一般,私立,中國文化大學,221101,哲學系,94,1,2
技職,私立,黎明技術學院,230117,時尚造型設計系,94,1,2
一般,公立,國立高雄大學,239903,創意設計與建築學系,94,1,2
一般,私立,世新大學,310503,社會心理學系,94,1,3
一般,私立,中國文化大學,340118,全球商務學士學位學程,94,1,3
技職,私立,嶺東科技大學,340201,會計資訊系,94,1,3
一般,私立,世新大學,340301,企業管理學系,94,1,3
一般,私立,逢甲大學,340529,財務工程與精算學士學位學程,94,1,3
一般,公立,國立嘉義大學,349923,生物事業管理學系,94,1,3
一般,公立,國立中正大學,380201,財經法律學系,94,1,3
一般,公立,國立臺東大學,420103,生命科學系,94,1,4
一般,私立,東海大學,460102,應用數學系,94,1,4
一般,私立,淡江大學,480310,資訊創新與科技學系,94,1,4
一般,公立,國立成功大學,520106,光電科學與工程學系,94,1,5
技職,私立,南臺科技大學,520106,光電工程系,94,1,5
一般,公立,國立中山大學,520114,資訊工程學系,94,1,5
一般,公立,國立臺中教育大學,520114,資訊工程學系,94,1,5
一般,公立,國立臺灣大學,520301,土木工程學系,94,1,5
一般,公立,國立嘉義大學,520303,土木與水資源工程學系,94,1,5
一般,公立,國立中興大學,620102,農藝學系,94,1,6
一般,公立,國立臺灣海洋大學,621102,環境生物與漁業科學學系,94,1,6
一般,私立,高雄醫學大學,720613,呼吸治療學系,94,1,7
一般,私立,慈濟大學,720708,醫學檢驗生物技術學系,94,1,7
一般,私立,慈濟大學,760301,社會工作學系,94,1,7
一般,私立,中山醫學大學,760303,醫學社會暨社會工作學系,94,1,7
技職,私立,環球科技大學,760401,幼兒保育系,94,1,7
技職,私立,台南應用科技大學,810109,餐飲系,94,1,8
技職,私立,臺北城市科技大學,810128,烘焙創意與經營管理學士學位學程,94,1,8
一般,私立,中國文化大學,810405,運動與健康促進學系,94,1,8
一般,公立,國立臺灣體育運動大學,810503,休閒運動學系,94,1,8
技職,私立,臺北城市科技大學,819908,會議展覽服務業(專業人員)學位學程,94,1,8
一般,公立,國立交通大學,840117,運輸與物流管理學系,94,1,8
一般,私立,中華大學,580109,建築與都市計畫學系,94.03,1,5
一般,私立,中國文化大學,340401,國際貿易學系,94.05,1,3
一般,公立,國立聯合大學,520401,化學工程學系,94.05,1,5
技職,公立,國立屏東科技大學,520903,環境工程與科學系,94.05,1,5
技職,私立,弘光科技大學,810802,化妝品應用系,94.05,1,8
一般,私立,東吳大學,480109,資訊管理學系,94.07,1,4
一般,公立,國立屏東大學,220321,應用日語學系,94.12,1,2
一般,私立,南華大學,310912,國際事務與企業學系,94.12,1,3
一般,私立,東海大學,380101,法律學系,94.12,1,3
一般,公立,國立高雄大學,520101,電機工程學系,94.12,1,5
一般,私立,中山醫學大學,720507,營養學系,94.12,1,7
一般,私立,南華大學,810214,旅遊管理學系,94.12,1,8
技職,私立,臺北城市科技大學,810538,休閒事業系,94.16,1,8
技職,私立,崑山科技大學,230402,空間設計系,94.17,1,2
一般,私立,大同大學,340305,事業經營學系,94.17,1,3
一般,私立,淡江大學,520205,航空太空工程學系,94.17,1,5
一般,私立,元智大學,520404,化學工程與材料科學學系,94.17,1,5
技職,私立,弘光科技大學,480109,資訊管理系,94.19,1,4
技職,私立,明志科技大學,520501,材料工程系,94.19,1,5
技職,私立,弘光科技大學,720507,營養系,94.19,1,7
一般,私立,義守大學,340501,財務金融學系,94.23,1,3
一般,公立,國立屏東大學,480109,資訊管理學系,94.23,1,4
一般,公立,國立中興大學,520901,環境工程學系,94.23,1,5
一般,私立,中國文化大學,380101,法律學系,94.24,1,3
技職,私立,正修科技大學,230404,建築與室內設計系,94.25,1,2
一般,私立,南華大學,349930,文化創意事業管理學系,94.25,1,3
一般,公立,國立臺北教育大學,210401,音樂學系,94.29,1,2
技職,私立,致理科技大學,220312,應用英語系,94.29,1,2
一般,私立,東海大學,230303,工業設計學系,94.29,1,2
一般,公立,國立臺灣大學,310602,地理環境資源學系,94.29,1,3
一般,公立,國立臺南大學,420206,生態科學與技術學系,94.29,1,4
一般,公立,國立成功大學,420326,生物科技與產業科學系,94.29,1,4
一般,公立,國立屏東大學,440302,應用物理系,94.29,1,4
一般,公立,國立臺灣大學,440401,大氣科學系,94.29,1,4
技職,私立,德霖技術學院,810111,餐飲廚藝系,94.29,1,8
一般,公立,國立暨南國際大學,310802,公共行政與政策學系,94.34,1,3
一般,公立,國立清華大學,340501,計量財務金融學系,94.34,1,3
一般,公立,國立高雄大學,380101,法律學系,94.34,1,3
一般,公立,國立清華大學,520401,化學工程學系,94.34,1,5
一般,公立,國立臺灣大學,620303,園藝暨景觀學系,94.34,1,6
一般,公立,國立政治大學,340701,財政學系,94.38,1,3
一般,私立,實踐大學,340601,風險管理與保險學系,94.39,1,3
技職,私立,龍華科技大學,520103,電子工程系,94.4,1,5
技職,私立,德明財經科技大學,340201,會計資訊系,94.41,1,3
一般,私立,中原大學,310501,心理學系,94.44,1,3
一般,私立,實踐大學,340201,會計學系,94.44,1,3
一般,公立,國立屏東大學,340401,國際貿易學系,94.44,1,3
一般,私立,長庚大學,340901,醫務管理學系,94.44,1,3
技職,私立,崑山科技大學,480109,資訊管理系,94.44,1,4
一般,私立,輔仁大學,720613,呼吸治療學系,94.44,1,7
一般,私立,靜宜大學,340301,企業管理學系,94.48,1,3
技職,私立,德明財經科技大學,340702,財政稅務系,94.48,1,3
一般,私立,義守大學,520502,材料科學與工程學系,94.51,1,5
一般,私立,輔仁大學,140315,體育學系,94.55,1,1
技職,私立,中國科技大學,220312,應用英語系,94.55,1,2
一般,公立,國立高雄大學,310102,應用經濟學系,94.55,1,3
一般,公立,國立成功大學,420103,生命科學系,94.55,1,4
一般,公立,國立東華大學,440101,化學系,94.55,1,4
一般,公立,國立中山大學,520226,機械與機電工程學系,94.55,1,5
一般,私立,高雄醫學大學,720407,運動醫學系,94.55,1,7
一般,私立,義守大學,810102,餐旅管理學系,94.55,1,8
技職,私立,景文科技大學,340301,企業管理系,94.57,1,3
技職,私立,弘光科技大學,520905,環境與安全衛生工程系,94.57,1,5
一般,私立,大同大學,220303,應用外語學系,94.59,1,2
技職,公立,國立高雄海洋科技大學,520214,輪機工程系,94.59,1,5
一般,私立,中國文化大學,220324,韓國語文學系,94.64,1,2
一般,公立,國立成功大學,440101,化學系,94.64,1,4
一般,私立,義守大學,520114,資訊工程學系,94.64,1,5
一般,公立,國立成功大學,520513,資源工程學系,94.64,1,5
一般,公立,國立交通大學,520601,工業工程與管理學系,94.64,1,5
一般,公立,國立成功大學,521302,工程科學系,94.64,1,5
一般,私立,中國文化大學,810202,觀光事業學系,94.64,1,8
技職,私立,嶺東科技大學,340307,國際企業系,94.67,1,3
技職,私立,明新科技大學,520101,電機工程系,94.67,1,5
技職,私立,正修科技大學,810504,休閒與運動管理系,94.67,1,8
一般,私立,淡江大學,220901,歷史學系,94.69,1,2
技職,私立,僑光科技大學,810103,餐飲管理系,94.71,1,8
技職,私立,遠東科技大學,810103,餐飲管理系,94.72,1,8
一般,公立,國立中山大學,210401,音樂學系,94.74,1,2
一般,私立,輔仁大學,220801,宗教學系,94.74,1,2
技職,私立,德明財經科技大學,340401,國際貿易系,94.74,1,3
技職,私立,德明財經科技大學,340605,保險金融管理系,94.74,1,3
技職,私立,德明財經科技大學,340803,流通管理系,94.74,1,3
一般,公立,國立高雄大學,380201,財經法律學系,94.74,1,3
一般,公立,國立彰化師範大學,520114,資訊工程學系,94.74,1,5
一般,公立,國立臺灣海洋大學,520212,系統工程暨造船學系,94.74,1,5
一般,公立,國立東華大學,520502,材料科學與工程學系,94.74,1,5
一般,公立,國立臺灣大學,720401,物理治療學系,94.74,1,7
一般,私立,義守大學,720401,物理治療學系,94.74,1,7
一般,公立,國立成功大學,840104,交通管理科學系,94.74,1,8
技職,私立,中國科技大學,340702,財政稅務系,94.78,1,3
技職,私立,德明財經科技大學,230203,多媒體設計系,94.79,1,2
一般,公立,國立中正大學,520201,機械工程學系,94.79,1,5
技職,私立,南臺科技大學,230201,視覺傳達設計系,94.81,1,2
一般,私立,東海大學,220901,歷史學系,94.83,1,2
一般,私立,中國文化大學,220901,史學系,94.83,1,2
一般,私立,輔仁大學,380201,財經法律學系,94.83,1,3
一般,私立,中國文化大學,580203,景觀學系,94.83,1,5
一般,公立,國立臺灣大學,640101,獸醫學系,94.83,1,6
一般,私立,高雄醫學大學,720316,香粧品學系,94.83,1,7
技職,私立,中國科技大學,230203,數位多媒體設計系,94.84,1,2
一般,公立,國立臺灣大學,340302,工商管理學系,94.85,1,3
一般,私立,實踐大學,810201,觀光管理學系,94.86,1,8
一般,公立,國立臺北教育大學,140601,特殊教育學系,94.87,1,1
一般,公立,國立東華大學,220708,民族語言與傳播學系,94.87,1,2
一般,公立,國立臺灣大學,440203,地質科學系,94.87,1,4
技職,私立,龍華科技大學,520403,化工與材料工程系,94.87,1,5
技職,私立,台南應用科技大學,760401,幼兒保育系,94.87,1,7
技職,私立,致理科技大學,220321,應用日語系,94.9,1,2
一般,私立,東吳大學,440301,物理學系,94.92,1,4
一般,私立,靜宜大學,760307,社會工作與兒童少年福利學系,94.92,1,7
一般,私立,義守大學,340901,醫務管理學系,94.95,1,3
一般,私立,亞洲大學,620616,保健營養生技學系,94.95,1,6
一般,公立,國立暨南國際大學,140124,諮商心理與人力資源發展學系,95,1,1
一般,公立,國立嘉義大學,140601,特殊教育學系,95,1,1
一般,公立,國立屏東大學,140601,特殊教育學系,95,1,1
一般,公立,國立東華大學,140710,教育行政與管理學系,95,1,1
一般,公立,國立臺灣師範大學,149909,科技應用與人力資源發展學系,95,1,1
一般,公立,國立高雄師範大學,210101,美術學系,95,1,2
一般,私立,東海大學,210101,美術學系,95,1,2
一般,公立,國立中山大學,210506,劇場藝術學系,95,1,2
一般,公立,國立臺灣師範大學,220102,臺灣語文學系,95,1,2
技職,私立,明新科技大學,220303,應用外語系,95,1,2
一般,私立,世新大學,220308,英語學系,95,1,2
一般,私立,義守大學,220321,應用日語學系,95,1,2
一般,私立,佛光大學,220901,歷史學系,95,1,2
一般,私立,佛光大學,230312,產品與媒體設計學系,95,1,2
技職,私立,僑光科技大學,230321,電腦輔助工業設計系,95,1,2
一般,公立,國立彰化師範大學,310601,地理學系,95,1,3
一般,公立,國立中央大學,311025,客家語文暨社會科學學系,95,1,3
一般,私立,亞洲大學,340303,經營管理學系,95,1,3
技職,私立,中臺科技大學,340307,國際企業系,95,1,3
一般,私立,東海大學,340310,國際學院國際經營管理學位學程(英語專班),95,1,3
一般,公立,國立中央大學,340501,財務金融學系,95,1,3
一般,公立,國立暨南國際大學,340501,財務金融學系,95,1,3
一般,私立,東海大學,340501,財務金融學系,95,1,3
一般,公立,國立交通大學,340530,資訊管理與財務金融學系,95,1,3
技職,私立,樹德科技大學,340801,行銷管理系,95,1,3
一般,私立,亞洲大學,340905,健康產業管理學系,95,1,3
一般,公立,國立金門大學,380214,海洋與邊境管理學系,95,1,3
一般,公立,國立中正大學,420103,生命科學系,95,1,4
一般,公立,國立臺南大學,420302,生物科技學系,95,1,4
一般,公立,國立清華大學,440101,化學系,95,1,4
一般,私立,淡江大學,440101,化學學系,95,1,4
一般,公立,國立高雄師範大學,440301,物理學系,95,1,4
一般,私立,靜宜大學,469903,財務與計算數學系,95,1,4
技職,私立,明新科技大學,480109,資訊管理系,95,1,4
一般,公立,國立臺北大學,520101,電機工程學系,95,1,5
一般,公立,國立中央大學,520106,光電科學與工程學系,95,1,5
技職,私立,中華科技大學,520208,航空機械系,95,1,5
一般,公立,國立臺南大學,520502,材料科學系,95,1,5
一般,公立,國立金門大學,520601,工業工程與管理學系,95,1,5
一般,私立,元智大學,520601,工業工程與管理學系,95,1,5
技職,私立,明新科技大學,520601,工業工程與管理系,95,1,5
一般,私立,淡江大學,520907,水資源及環境工程學系,95,1,5
一般,公立,國立中央大學,521116,生醫科學與工程學系,95,1,5
一般,公立,國立聯合大學,521309,能源工程學系,95,1,5
技職,公立,國立屏東科技大學,620701,水土保持系,95,1,6
一般,公立,國立清華大學,720117,醫學科學系,95,1,7
一般,私立,高雄醫學大學,720402,職能治療學系,95,1,7
技職,私立,美和科技大學,720601,護理系,95,1,7
技職,私立,中臺科技大學,760202,老人照顧系,95,1,7
技職,私立,南臺科技大學,760220,高齡服務學士學位學程,95,1,7
一般,私立,高雄醫學大學,760303,醫學社會學與社會工作學系,95,1,7
一般,私立,銘傳大學,810102,餐旅管理學系,95,1,8
一般,公立,國立臺灣海洋大學,840106,航運管理學系,95,1,8
一般,私立,實踐大學,810706,服飾設計與經營學系,95.04,1,8
一般,私立,銘傳大學,380101,法律學系,95.05,1,3
一般,私立,大葉大學,520101,電機工程學系,95.08,1,5
一般,公立,國立臺南大學,140315,體育學系,95.12,1,1
一般,公立,國立臺南大學,210401,音樂學系,95.12,1,2
一般,公立,國立臺南大學,210619,視覺藝術與設計學系,95.12,1,2
一般,公立,臺北市立大學,310509,心理與諮商學系,95.12,1,3
一般,私立,慈濟大學,320102,傳播學系,95.12,1,3
技職,私立,德明財經科技大學,349916,不動產投資與經營學位學程,95.12,1,3
一般,公立,國立高雄大學,520403,化學工程及材料工程學系,95.12,1,5
一般,公立,國立中央大學,520101,電機工程學系,95.15,1,5
一般,私立,長庚大學,520101,電機工程學系,95.15,1,5
技職,私立,正修科技大學,520327,土木與空間資訊系,95.18,1,5
一般,私立,逢甲大學,460102,應用數學系,95.19,1,4
技職,私立,朝陽科技大學,760301,社會工作系,95.19,1,7
一般,公立,國立宜蘭大學,220301,外國語文學系,95.24,1,2
技職,私立,中臺科技大學,220303,應用外語系,95.24,1,2
一般,公立,國立政治大學,310501,心理學系,95.24,1,3
一般,公立,國立新竹教育大學,460102,應用數學系,95.24,1,4
一般,公立,國立政治大學,480109,資訊管理學系,95.24,1,4
一般,公立,國立中央大學,480109,資訊管理學系,95.24,1,4
一般,公立,國立宜蘭大學,520103,電子工程學系,95.24,1,5
一般,公立,國立清華大學,520201,動力機械工程學系,95.24,1,5
技職,私立,中臺科技大學,720712,醫學影像暨放射科學系,95.24,1,7
一般,私立,亞洲大學,760301,社會工作學系,95.24,1,7
技職,私立,弘光科技大學,810102,餐旅管理系,95.24,1,8
技職,私立,朝陽科技大學,520114,資訊工程系,95.28,1,5
一般,公立,國立中央大學,520301,土木工程學系,95.28,1,5
一般,公立,國立高雄師範大學,220201,國文學系,95.29,1,2
技職,私立,文藻外語大學,220320,日本語文系,95.29,1,2
一般,私立,中國文化大學,340501,財務金融學系,95.32,1,3
技職,私立,正修科技大學,810103,餐飲管理系,95.33,1,8
一般,公立,國立臺東大學,140401,幼兒教育學系,95.35,1,1
一般,私立,南華大學,220205,文學系,95.35,1,2
技職,私立,弘光科技大學,229910,文化創意產業系,95.35,1,2
一般,公立,國立政治大學,310811,地政學系,95.35,1,3
一般,公立,國立中央大學,440101,化學學系,95.35,1,4
一般,公立,臺北市立大學,460101,數學系,95.35,1,4
一般,公立,國立臺南大學,520101,電機工程學系,95.35,1,5
一般,私立,中華大學,520301,土木工程學系,95.35,1,5
一般,私立,亞洲大學,521119,生物資訊與醫學工程學系,95.35,1,5
一般,公立,臺北市立大學,810402,運動健康科學系,95.35,1,8
一般,私立,輔仁大學,460101,數學系,95.37,1,4
一般,私立,中原大學,521108,生物醫學工程學系,95.37,1,5
技職,私立,中國科技大學,580101,建築系,95.37,1,5
技職,私立,朝陽科技大學,480109,資訊管理系,95.38,1,4
技職,私立,樹德科技大學,520130,電腦與通訊系,95.38,1,5
一般,私立,東吳大學,310101,經濟學系,95.4,1,3
一般,公立,國立交通大學,520301,土木工程學系,95.4,1,5
技職,私立,南臺科技大學,349909,管理與資訊系,95.42,1,3
一般,公立,國立臺中教育大學,140401,幼兒教育學系,95.45,1,1
一般,公立,國立臺南大學,140804,數位學習科技學系,95.45,1,1
一般,公立,國立臺中教育大學,310508,諮商與應用心理學系,95.45,1,3
一般,公立,國立東華大學,310518,諮商與臨床心理學系,95.45,1,3
一般,公立,國立臺東大學,311024,公共與文化事務學系,95.45,1,3
一般,公立,國立中正大學,340301,企業管理學系,95.45,1,3
一般,公立,國立臺中教育大學,340307,國際企業學系,95.45,1,3
一般,私立,亞洲大學,380201,財經法律學系,95.45,1,3
一般,私立,輔仁大學,440301,物理學系,95.45,1,4
一般,公立,國立臺灣師範大學,520114,資訊工程學系,95.45,1,5
一般,私立,義守大學,520219,機械與自動化工程學系,95.45,1,5
一般,公立,國立彰化師範大學,520226,機電工程學系,95.45,1,5
一般,私立,南華大學,229902,生死學系,95.54,1,2
一般,私立,銘傳大學,520103,電子工程學系,95.54,1,5
一般,私立,逢甲大學,520105,光電學系,95.54,1,5
一般,公立,國立暨南國際大學,140121,國際文教與比較教育學系,95.56,1,1
一般,公立,國立東華大學,210709,藝術與設計學系,95.56,1,2
技職,公立,國立高雄餐旅大學,220321,應用日語系,95.56,1,2
一般,私立,大同大學,230303,工業設計學系,95.56,1,2
一般,公立,國立政治大學,310301,社會學系,95.56,1,3
一般,公立,國立政治大學,310801,公共行政學系,95.56,1,3
一般,公立,國立嘉義大學,340501,財務金融學系,95.56,1,3
一般,公立,國立中山大學,340504,財務管理學系,95.56,1,3
一般,私立,淡江大學,340532,商管學院全球財務管理全英語學士學位學程,95.56,1,3
一般,私立,中山醫學大學,340907,醫療產業科技管理學系,95.56,1,3
一般,公立,國立臺北大學,380101,法律學系,95.56,1,3
一般,公立,國立中正大學,520114,資訊工程學系,95.56,1,5
一般,公立,國立成功大學,520502,材料科學及工程學系,95.56,1,5
技職,私立,健行科技大學,520519,材料製造科技學位學程,95.56,1,5
一般,私立,東海大學,520904,環境科學與工程學系,95.56,1,5
技職,公立,國立屏東科技大學,620404,植物醫學系,95.56,1,6
技職,公立,國立屏東科技大學,620504,農企業管理系,95.56,1,6
一般,公立,國立嘉義大學,621001,森林暨自然資源學系,95.56,1,6
技職,公立,國立屏東科技大學,621104,水產養殖系,95.56,1,6
一般,私立,中山醫學大學,720101,醫學系,95.56,1,7
一般,私立,臺北醫學大學,720504,保健營養學系,95.56,1,7
一般,私立,亞洲大學,720713,視光學系,95.56,1,7
一般,公立,國立中正大學,760304,社會福利學系,95.56,1,7
一般,私立,靜宜大學,220201,中國文學系,95.58,1,2
一般,公立,國立臺中教育大學,140202,語文教育學系,95.65,1,1
一般,公立,國立臺中教育大學,220308,英語學系,95.65,1,2
一般,公立,國立政治大學,220322,阿拉伯語文學系,95.65,1,2
一般,公立,國立臺中教育大學,311021,區域與社會發展學系,95.65,1,3
一般,公立,國立高雄大學,440102,應用化學系,95.65,1,4
一般,公立,國立交通大學,440303,電子物理學系,95.65,1,4
一般,公立,國立臺中教育大學,480505,數位內容科技學系,95.65,1,4
一般,公立,國立宜蘭大學,620601,食品科學系,95.65,1,6
一般,公立,國立臺灣體育運動大學,810521,運動資訊與傳播學系,95.65,1,8
一般,私立,靜宜大學,340201,會計學系,95.71,1,3
一般,公立,國立清華大學,220301,外國語文學系,95.74,1,2
一般,公立,國立政治大學,520116,資訊科學系,95.74,1,5
一般,公立,國立宜蘭大學,520403,化學工程與材料工程學系,95.74,1,5
一般,私立,大葉大學,520502,材料科學與工程學系,95.74,1,5
一般,公立,國立臺灣大學,720601,護理學系,95.74,1,7
一般,私立,中國文化大學,310804,行政管理學系,95.76,1,3
一般,私立,中國文化大學,320105,資訊傳播學系,95.76,1,3
一般,私立,中國文化大學,320802,廣告學系,95.76,1,3
技職,私立,德明財經科技大學,480109,資訊管理系,95.79,1,4
技職,私立,致理科技大學,340201,會計資訊系,95.8,1,3
一般,私立,銘傳大學,140203,華語文教學學系,95.83,1,1
一般,私立,銘傳大學,220202,應用中國文學系,95.83,1,2
一般,公立,國立中正大學,220901,歷史學系,95.83,1,2
一般,公立,國立暨南國際大學,220901,歷史學系,95.83,1,2
技職,公立,國立屏東科技大學,230104,時尚設計與管理系,95.83,1,2
一般,公立,國立臺中教育大學,230135,文化創意產業設計與營運學系,95.83,1,2
一般,私立,中國文化大學,320201,新聞學系,95.83,1,3
一般,私立,東海大學,340201,會計學系,95.83,1,3
技職,私立,僑光科技大學,340401,國際貿易系,95.83,1,3
技職,私立,致理科技大學,340501,財務金融系,95.83,1,3
技職,私立,僑光科技大學,340802,行銷與流通管理系,95.83,1,3
一般,公立,國立交通大學,440102,應用化學系,95.83,1,4
一般,公立,國立中正大學,440208,地球與環境科學系,95.83,1,4
一般,私立,銘傳大學,460203,應用統計資訊學系,95.83,1,4
一般,私立,亞洲大學,520126,光電與通訊學系,95.83,1,5
一般,私立,長庚大學,520201,機械工程學系,95.83,1,5
一般,私立,中華大學,520231,光機電與材料學士學位學程,95.83,1,5
一般,私立,義守大學,520401,化學工程學系,95.83,1,5
一般,公立,國立暨南國際大學,520509,應用材料及光電工程學系,95.83,1,5
一般,公立,國立中山大學,520909,海洋環境及工程學系,95.83,1,5
一般,公立,國立臺灣大學,620501,農業經濟學系,95.83,1,6
一般,公立,國立嘉義大學,620601,食品科學系,95.83,1,6
技職,私立,南臺科技大學,760401,幼兒保育系,95.83,1,7
一般,私立,義守大學,810224,國際觀光餐旅學系,95.83,1,8
一般,公立,國立臺北教育大學,310732,社會與區域發展學系,95.92,1,3
一般,公立,國立交通大學,460102,應用數學系,95.92,1,4
技職,私立,龍華科技大學,520101,電機工程系,95.92,1,5
一般,公立,國立中興大學,620605,食品暨應用生物科技學系,95.92,1,6
一般,公立,國立臺灣體育運動大學,810519,運動事業管理學系,95.92,1,8
一般,私立,中原大學,520103,電子工程學系,95.95,1,5
一般,私立,元智大學,520114,資訊工程學系,95.95,1,5
技職,私立,文藻外語大學,220204,應用華語文系,95.96,1,2
一般,私立,大葉大學,230201,視覺傳達設計學系,95.96,1,2
一般,公立,國立清華大學,220201,中國文學系,96,1,2
一般,公立,國立東華大學,220201,中國語文學系,96,1,2
一般,公立,國立聯合大學,220204,華語文學系,96,1,2
一般,公立,國立臺北大學,220303,應用外語學系,96,1,2
技職,私立,嶺東科技大學,220303,應用外語系,96,1,2
一般,私立,淡江大學,220309,英文學系,96,1,2
一般,公立,國立東華大學,220310,英美語文學系,96,1,2
一般,公立,國立東華大學,220901,歷史學系,96,1,2
技職,私立,台南應用科技大學,230201,視覺傳達設計系,96,1,2
一般,私立,長庚大學,230303,工業設計學系,96,1,2
一般,公立,國立中山大學,310109,政治經濟學系,96,1,3
一般,私立,淡江大學,310202,全球政治經濟學系全英語學士班,96,1,3
一般,私立,佛光大學,310301,社會學系,96,1,3
一般,私立,淡江大學,310801,公共行政學系,96,1,3
一般,私立,淡江大學,310914,外交與國際關係學系全英語學士班,96,1,3
一般,公立,國立屏東大學,340201,會計學系,96,1,3
技職,私立,南臺科技大學,340301,企業管理系,96,1,3
技職,私立,明新科技大學,340301,企業管理系,96,1,3
技職,私立,嶺東科技大學,340603,金融與風險管理系,96,1,3
技職,私立,嶺東科技大學,340802,行銷與流通管理系,96,1,3
一般,公立,國立高雄大學,420103,生命科學系,96,1,4
一般,私立,長榮大學,429907,健康產業發展學士學位學程,96,1,4
一般,公立,國立中興大學,440101,化學系,96,1,4
一般,公立,國立屏東大學,440102,應用化學系,96,1,4
一般,公立,國立嘉義大學,440303,電子物理學系,96,1,4
一般,公立,國立臺東大學,460102,應用數學系,96,1,4
一般,私立,世新大學,480109,資訊管理學系,96,1,4
一般,公立,國立嘉義大學,520101,電機工程學系,96,1,5
技職,私立,南臺科技大學,520101,電機工程系,96,1,5
一般,私立,長庚大學,520103,電子工程學系,96,1,5
一般,私立,義守大學,521108,生物醫學工程學系,96,1,5
一般,私立,長庚大學,720104,中醫學系,96,1,7
一般,私立,輔仁大學,720601,護理學系,96,1,7
一般,私立,亞洲大學,720601,護理學系,96,1,7
技職,私立,明新科技大學,760401,幼兒保育系,96,1,7
技職,私立,樹德科技大學,810102,餐旅管理學位學程,96,1,8
技職,私立,南開科技大學,810103,餐飲管理系,96,1,8
技職,公立,國立臺北護理健康大學,810532,休閒產業與健康促進系,96,1,8
一般,公立,國立新竹教育大學,850113,環境與文化資源學系,96,1,8
技職,私立,亞東技術學院,340901,醫務管理系,96.05,1,3
一般,私立,銘傳大學,320706,新媒體暨傳播管理學系,96.08,1,3
一般,私立,大葉大學,349921,人力資源暨公共關係學系,96.08,1,3
一般,私立,銘傳大學,349942,社會與安全管理學系,96.08,1,3
一般,私立,銘傳大學,380209,財金法律學系,96.08,1,3
一般,私立,高雄醫學大學,420504,生物醫學暨環境生物學系,96.08,1,4
一般,公立,國立成功大學,520114,資訊工程學系,96.08,1,5
一般,私立,大葉大學,520114,資訊工程學系,96.08,1,5
一般,私立,大同大學,520401,化學工程學系,96.08,1,5
技職,私立,元培醫事科技大學,720601,護理系,96.08,1,7
一般,公立,國立臺南大學,220201,國語文學系,96.1,1,2
技職,私立,亞東技術學院,349906,工業管理系,96.1,1,3
技職,私立,明新科技大學,520103,電子工程系,96.11,1,5
一般,私立,大同大學,520114,資訊工程學系,96.12,1,5
技職,私立,明志科技大學,520201,機械工程系,96.12,1,5
技職,私立,德霖技術學院,810102,餐旅管理系,96.12,1,8
技職,私立,嘉南藥理大學,220303,應用外語系,96.15,1,2
一般,私立,中國文化大學,220323,俄國語文學系,96.15,1,2
技職,私立,崑山科技大學,230201,視覺傳達設計系,96.15,1,2
一般,私立,靜宜大學,340501,財務金融學系,96.15,1,3
一般,公立,國立彰化師範大學,460101,數學系,96.15,1,4
一般,公立,國立中央大學,520114,資訊工程學系,96.15,1,5
一般,公立,國立宜蘭大學,520239,生物機電工程學系,96.15,1,5
一般,私立,逢甲大學,580304,土地管理學系,96.15,1,5
一般,私立,逢甲大學,840102,運輸科技與管理學系,96.15,1,8
一般,公立,國立東華大學,460102,應用數學系,96.2,1,4
一般,公立,國立交通大學,520103,電子工程學系,96.2,1,5
一般,公立,國立成功大學,520201,機械工程學系,96.2,1,5
技職,私立,亞東技術學院,520101,電機工程系,96.21,1,5
一般,私立,義守大學,220312,應用英語學系,96.23,1,2
一般,私立,中國文化大學,220315,德國語文學系,96.23,1,2
一般,私立,東海大學,221101,哲學系,96.23,1,2
一般,公立,國立成功大學,580301,都市計劃學系,96.23,1,5
一般,公立,國立體育大學,810501,運動保健學系,96.23,1,8
一般,公立,國立屏東大學,140401,幼兒教育學系,96.25,1,1
一般,私立,實踐大學,230205,媒體傳達設計學系,96.25,1,2
一般,私立,東海大學,340301,企業管理學系,96.25,1,3
技職,私立,朝陽科技大學,349973,銀髮產業管理系,96.25,1,3
一般,公立,國立中正大學,520101,電機工程學系,96.25,1,5
一般,公立,國立中興大學,640101,獸醫學系,96.25,1,6
一般,私立,中山醫學大學,720404,語言治療與聽力學系,96.25,1,7
技職,私立,醒吾科技大學,810102,餐旅管理系,96.26,1,8
技職,私立,德明財經科技大學,340801,行銷管理系,96.28,1,3
一般,公立,國立臺灣師範大學,140101,教育學系,96.3,1,1
一般,公立,臺北市立大學,220201,中國語文學系,96.3,1,2
一般,公立,國立中央大學,310101,經濟學系,96.3,1,3
一般,公立,國立政治大學,310905,外交學系,96.3,1,3
技職,公立,國立屏東科技大學,340301,企業管理系,96.3,1,3
一般,公立,國立臺北大學,340518,金融與合作經營學系,96.3,1,3
一般,私立,中原大學,520301,土木工程學系,96.3,1,5
一般,私立,中原大學,580101,建築學系,96.3,1,5
技職,私立,嘉南藥理大學,620602,食品科技系,96.3,1,6
技職,私立,環球科技大學,810111,餐飲廚藝系,96.3,1,8
技職,私立,德霖技術學院,810508,休閒事業管理系,96.3,1,8
一般,公立,國立清華大學,520101,電機工程學系,96.33,1,5
一般,公立,國立宜蘭大學,520101,電機工程學系,96.34,1,5
一般,私立,靜宜大學,220101,台灣文學系,96.36,1,2
一般,私立,長榮大學,220501,翻譯學系,96.36,1,2
一般,公立,國立中興大學,220901,歷史學系,96.36,1,2
一般,私立,長榮大學,230204,媒體設計科技學系,96.36,1,2
一般,公立,國立東華大學,310101,經濟學系,96.36,1,3
一般,私立,義守大學,320101,大眾傳播學系,96.36,1,3
一般,私立,大同大學,340109,資訊經營學系,96.36,1,3
一般,公立,國立中央大學,340301,企業管理學系,96.36,1,3
一般,私立,靜宜大學,420207,生態人文學系,96.36,1,4
一般,私立,義守大學,420302,生物科技學系,96.36,1,4
技職,私立,南臺科技大學,420302,生物科技系,96.36,1,4
一般,公立,國立臺灣大學,440101,化學系,96.36,1,4
一般,私立,淡江大學,460101,數學學系,96.36,1,4
一般,私立,輔仁大學,480109,資訊管理學系,96.36,1,4
一般,公立,國立成功大學,520802,測量及空間資訊學系,96.36,1,5
一般,公立,國立臺南大學,140101,教育學系,96.39,1,1
一般,私立,大葉大學,220321,應用日語學系,96.4,1,2
技職,私立,致理科技大學,340301,企業管理系,96.4,1,3
一般,私立,中國文化大學,220320,日本語文學系,96.43,1,2
一般,公立,國立成功大學,220901,歷史學系,96.43,1,2
技職,私立,亞東技術學院,230301,工商業設計系,96.43,1,2
一般,公立,國立東華大學,340201,會計學系,96.43,1,3
一般,私立,逢甲大學,340301,企業管理學系,96.43,1,3
一般,公立,國立臺灣大學,340501,財務金融學系,96.43,1,3
一般,私立,大葉大學,340501,財務金融學系,96.43,1,3
一般,私立,大葉大學,480524,多媒體數位內容學位學程,96.43,1,4
一般,私立,逢甲大學,520101,電機工程學系,96.43,1,5
一般,私立,逢甲大學,520114,資訊工程學系,96.43,1,5
一般,私立,銘傳大學,520130,電腦與通訊工程學系,96.43,1,5
技職,公立,國立屏東科技大學,520201,機械工程系,96.43,1,5
一般,公立,國立成功大學,520301,土木工程學系,96.43,1,5
一般,私立,長庚大學,520403,化工與材料工程學系,96.43,1,5
一般,私立,逢甲大學,520502,材料科學與工程學系,96.43,1,5
一般,私立,南華大學,580113,建築與景觀學系,96.43,1,5
一般,公立,國立中山大學,520101,電機工程學系,96.46,1,5
一般,私立,東海大學,310101,經濟學系,96.47,1,3
技職,公立,國立高雄海洋科技大學,621104,水產養殖系,96.47,1,6
一般,私立,義守大學,230309,創意商品設計學系,96.49,1,2
一般,公立,國立成功大學,580101,建築學系,96.49,1,5
一般,私立,中國文化大學,810602,生活應用科學系,96.49,1,8
一般,公立,國立政治大學,340301,企業管理學系,96.51,1,3
技職,私立,弘光科技大學,340904,健康事業管理系,96.51,1,3
技職,公立,國立屏東科技大學,520301,土木工程系,96.51,1,5
技職,私立,弘光科技大學,760401,幼兒保育系,96.51,1,7
一般,私立,東吳大學,220309,英文學系,96.53,1,2
一般,私立,東吳大學,469902,財務工程與精算數學系,96.53,1,4
技職,私立,南臺科技大學,480109,資訊管理系,96.53,1,4
一般,私立,中國文化大學,140101,教育學系,96.55,1,1
一般,公立,國立臺灣師範大學,140215,人類發展與家庭學系,96.55,1,1
一般,私立,輔仁大學,220325,義大利語文學系,96.55,1,2
一般,私立,輔仁大學,310101,經濟學系,96.55,1,3
一般,私立,輔仁大學,310301,社會學系,96.55,1,3
一般,私立,輔仁大學,310501,心理學系,96.55,1,3
一般,公立,國立東華大學,310801,公共行政學系,96.55,1,3
一般,私立,靜宜大學,320105,資訊傳播工程學系,96.55,1,3
一般,公立,國立聯合大學,520106,光電工程學系,96.55,1,5
一般,私立,銘傳大學,580303,都市規劃與防災學系,96.55,1,5
一般,公立,國立成功大學,520101,電機工程學系,96.58,1,5
技職,私立,德明財經科技大學,349983,連鎖加盟經營管理學位學程,96.59,1,3
技職,公立,國立虎尾科技大學,520114,資訊工程系,96.59,1,5
一般,私立,中國文化大學,320101,大眾傳播學系,96.61,1,3
一般,公立,國立清華大學,520601,工業工程與工程管理學系,96.61,1,5
一般,私立,東吳大學,760301,社會工作學系,96.61,1,7
一般,公立,國立臺灣師範大學,460101,數學系,96.63,1,4
一般,私立,靜宜大學,220320,日本語文學系,96.64,1,2
一般,私立,元智大學,320105,資訊傳播學系,96.64,1,3
一般,私立,輔仁大學,140715,教育領導與科技發展學士學位學程,96.67,1,1
一般,公立,國立臺灣藝術大學,210104,書畫藝術學系,96.67,1,2
一般,公立,國立臺南藝術大學,210402,中國音樂學系,96.67,1,2
一般,公立,國立臺北藝術大學,210511,舞蹈學系,96.67,1,2
一般,私立,銘傳大學,220321,應用日語學系,96.67,1,2
一般,私立,靜宜大學,220346,寰宇外語教育學士學位學程,96.67,1,2
技職,私立,樹德科技大學,230124,動畫與遊戲設計系,96.67,1,2
技職,私立,台南應用科技大學,230208,多媒體動畫系,96.67,1,2
一般,私立,中原大學,230302,商業設計學系,96.67,1,2
一般,公立,國立臺北大學,310101,經濟學系,96.67,1,3
一般,私立,淡江大學,310101,經濟學系,96.67,1,3
一般,公立,國立中山大學,310301,社會學系,96.67,1,3
一般,私立,銘傳大學,310517,諮商與工商心理學系,96.67,1,3
一般,公立,國立高雄師範大學,340305,事業經營學系,96.67,1,3
一般,公立,國立臺北大學,349917,不動產與城鄉環境學系,96.67,1,3
一般,公立,國立中興大學,420302,生物科技學士學位學程,96.67,1,4
一般,私立,銘傳大學,420302,生物科技學系,96.67,1,4
一般,公立,國立交通大學,449999,理學院科學學士學位學程,96.67,1,4
一般,公立,國立臺北大學,460201,統計學系,96.67,1,4
技職,私立,僑光科技大學,480101,資訊科技系,96.67,1,4
技職,私立,龍華科技大學,480109,資訊管理系,96.67,1,4
一般,私立,輔仁大學,489904,醫學資訊與創新應用學士學位學程,96.67,1,4
技職,私立,崑山科技大學,520114,資訊工程系,96.67,1,5
一般,公立,國立交通大學,520198,電機資訊學士班,96.67,1,5
一般,私立,淡江大學,520301,土木工程學系,96.67,1,5
一般,公立,國立臺灣海洋大學,521001,河海工程學系,96.67,1,5
一般,私立,淡江大學,580101,建築學系,96.67,1,5
一般,私立,高雄醫學大學,720201,公共衛生學系,96.67,1,7
一般,公立,臺北市立大學,720205,衛生福利學系,96.67,1,7
一般,私立,中山醫學大學,720209,職業安全衛生學系,96.67,1,7
一般,公立,國立臺灣大學,720801,牙醫學系,96.67,1,7
一般,私立,大葉大學,819920,烘焙暨飲料調製學士學位學程,96.67,1,8
一般,公立,國立臺灣海洋大學,3499331,海洋觀光管理學士學位學程,96.67,1,3
一般,公立,國立臺灣海洋大學,840114,運輸科學系,96.7,1,8
一般,公立,國立宜蘭大學,520301,土木工程學系,96.74,1,5
一般,公立,國立宜蘭大學,620207,生物技術與動物科學系,96.74,1,6
一般,私立,大葉大學,320104,傳播藝術學士學位學程,96.77,1,3
技職,私立,臺北城市科技大學,520101,電機工程系,96.77,1,5
一般,公立,國立中央大學,520201,機械工程學系,96.77,1,5
一般,公立,國立清華大學,529999,工學院學士班,96.77,1,5
一般,私立,開南大學,840203,空運管理學系,96.77,1,8
一般,私立,中原大學,520101,電機工程學系,96.81,1,5
技職,私立,南臺科技大學,520114,資訊工程系,96.81,1,5
技職,私立,朝陽科技大學,520164,資訊與通訊系,96.81,1,5
技職,私立,文藻外語大學,220307,英國語文系,96.83,1,2
一般,私立,中原大學,520611,工業與系統工程學系,96.84,1,5
一般,私立,長庚大學,720101,醫學系,96.84,1,7
技職,私立,亞東技術學院,520201,機械工程系,96.85,1,5
一般,公立,國立高雄師範大學,140101,教育學系,96.88,1,1
技職,私立,嶺東科技大學,230317,創意產品設計系,96.88,1,2
一般,公立,國立中正大學,310101,經濟學系,96.88,1,3
技職,私立,致理科技大學,349901,商務科技管理系,96.88,1,3
技職,公立,國立勤益科技大學,520201,機械工程系,96.88,1,5
一般,私立,中原大學,520401,化學工程學系,96.91,1,5
技職,私立,南臺科技大學,220312,應用英語系,96.94,1,2
技職,私立,南臺科技大學,220321,應用日語系,96.94,1,2
一般,私立,東海大學,340408,國際經營與貿易學系,96.95,1,3
技職,私立,亞東技術學院,520103,電子工程系,96.95,1,5
一般,私立,東吳大學,340301,企業管理學系,96.96,1,3
一般,公立,國立臺灣體育運動大學,140315,體育學系,96.97,1,1
一般,公立,國立臺灣師範大學,140601,特殊教育學系,96.97,1,1
一般,私立,長庚大學,480109,資訊管理學系,96.97,1,4
一般,公立,國立陽明大學,521108,生物醫學工程學系,96.97,1,5
技職,私立,嶺東科技大學,230203,數位媒體設計系,97,1,2
技職,私立,樹德科技大學,230401,室內設計系,97,1,2
一般,私立,淡江大學,320105,資訊傳播學系,97,1,3
一般,私立,中原大學,340501,財務金融學系,97,1,3
一般,私立,淡江大學,340604,保險學系,97,1,3
技職,私立,南臺科技大學,340802,行銷與流通管理系,97,1,3
技職,私立,明新科技大學,520114,資訊工程系,97,1,5
技職,公立,國立高雄海洋科技大學,520263,造船及海洋工程系,97,1,5
一般,公立,國立中興大學,520301,土木工程學系,97,1,5
一般,私立,逢甲大學,520601,工業工程與系統管理學系,97,1,5
一般,私立,逢甲大學,520903,環境工程與科學學系,97,1,5
一般,私立,東海大學,620601,食品科學系,97,1,6
一般,私立,實踐大學,760301,社會工作學系,97,1,7
技職,私立,龍華科技大學,810201,觀光休閒系,97,1,8
一般,公立,國立高雄師範大學,230303,工業設計學系,97.06,1,2
一般,公立,國立交通大學,520201,機械工程學系,97.06,1,5
技職,公立,國立高雄餐旅大學,810104,中餐廚藝系,97.06,1,8
一般,私立,元智大學,349999,管理學院,97.07,1,3
一般,私立,中原大學,340301,企業管理學系,97.09,1,3
技職,私立,亞東技術學院,520703,材料與纖維系,97.1,1,5
技職,私立,明新科技大學,340501,財務金融系,97.12,1,3
一般,私立,實踐大學,480102,資訊科技與管理學系,97.12,1,4
一般,公立,臺北市立大學,140212,英語教學系,97.14,1,1
技職,私立,台南應用科技大學,230401,室內設計系,97.14,1,2
技職,私立,崑山科技大學,320107,視訊傳播設計系,97.14,1,3
一般,公立,國立中正大學,340501,財務金融學系,97.14,1,3
技職,公立,國立高雄第一科技大學,340504,財務管理系,97.14,1,3
一般,私立,亞洲大學,480533,行動商務與多媒體應用學系,97.14,1,4
一般,公立,國立交通大學,520106,光電工程學系,97.14,1,5
技職,公立,國立臺北科技大學,520114,資訊工程系,97.14,1,5
技職,公立,國立雲林科技大學,520905,環境與安全衛生工程系,97.14,1,5
一般,私立,東海大學,580101,建築學系,97.14,1,5
一般,公立,國立臺灣大學,620402,植物病理與微生物學系,97.14,1,6
技職,私立,中華醫事科技大學,720601,護理系,97.14,1,7
技職,私立,致理科技大學,480109,資訊管理系,97.16,1,4
一般,私立,中原大學,440101,化學系,97.17,1,4
一般,私立,中原大學,460102,應用數學系,97.17,1,4
一般,公立,國立清華大學,521201,工程與系統科學系,97.2,1,5
一般,公立,國立高雄師範大學,140601,特殊教育學系,97.22,1,1
一般,公立,國立高雄師範大學,230201,視覺設計學系,97.22,1,2
一般,公立,國立彰化師範大學,310506,輔導與諮商學系,97.22,1,3
一般,公立,臺北市立大學,449907,應用物理暨化學系,97.22,1,4
一般,私立,逢甲大學,520126,通訊工程學系,97.22,1,5
一般,私立,逢甲大學,520154,自動控制工程學系,97.22,1,5
一般,公立,國立臺灣大學,620102,農藝學系,97.22,1,6
一般,公立,國立中興大學,621001,森林學系,97.22,1,6
技職,公立,國立高雄餐旅大學,810210,休閒暨遊憩管理系,97.22,1,8
一般,私立,東海大學,460201,統計學系,97.25,1,4
一般,私立,亞洲大學,220301,外國語文學系,97.27,1,2
技職,私立,台南應用科技大學,230104,時尚設計系,97.27,1,2
一般,私立,大葉大學,230402,空間設計學系,97.27,1,2
一般,私立,東海大學,310201,政治學系,97.27,1,3
一般,私立,亞洲大學,310501,心理學系,97.27,1,3
一般,公立,國立臺北大學,340301,企業管理學系,97.27,1,3
一般,私立,淡江大學,340306,管理科學學系,97.27,1,3
一般,私立,逢甲大學,340601,風險管理與保險學系,97.27,1,3
一般,私立,輔仁大學,460201,統計資訊學系,97.27,1,4
技職,公立,國立雲林科技大學,520101,電機工程系,97.27,1,5
一般,私立,逢甲大學,520704,纖維與複合材料學系,97.27,1,5
一般,私立,輔仁大學,810102,餐旅管理學系,97.27,1,8
一般,私立,亞洲大學,810210,休閒與遊憩管理學系,97.27,1,8
一般,私立,東吳大學,380101,法律學系,97.29,1,3
一般,私立,中國文化大學,520201,機械工程學系,97.3,1,5
一般,私立,靜宜大學,720501,食品營養學系,97.3,1,7
一般,私立,高雄醫學大學,720101,醫學系（含學士後醫學系）,97.31,1,7
一般,私立,輔仁大學,440101,化學系,97.32,1,4
一般,私立,輔仁大學,520114,資訊工程學系,97.32,1,5
一般,私立,靜宜大學,520114,資訊工程學系,97.32,1,5
一般,私立,逢甲大學,520199,資訊電機學院不分系榮譽班,97.32,1,5
技職,私立,朝陽科技大學,760401,幼兒保育系,97.32,1,7
一般,私立,淡江大學,520114,資訊工程學系,97.33,1,5
一般,私立,世新大學,810201,觀光學系,97.33,1,8
技職,私立,長庚科技大學,720601,護理系,97.34,1,7
一般,公立,臺北市立大學,140401,幼兒教育學系,97.37,1,1
一般,私立,輔仁大學,221101,哲學系,97.37,1,2
一般,公立,國立高雄師範大學,310601,地理學系,97.37,1,3
一般,私立,大葉大學,230303,工業設計學系,97.41,1,2
技職,私立,朝陽科技大學,340301,企業管理系,97.42,1,3
一般,公立,國立新竹教育大學,140601,特殊教育學系,97.44,1,1
一般,私立,輔仁大學,210401,音樂學系,97.44,1,2
一般,公立,國立東華大學,310404,族群關係與文化學系,97.44,1,3
技職,公立,國立高雄應用科技大學,480109,資訊管理系,97.44,1,4
一般,公立,國立政治大學,380101,法律學系,97.47,1,3
一般,私立,逢甲大學,340501,財務金融學系,97.48,1,3
一般,私立,元智大學,520201,機械工程學系,97.48,1,5
一般,公立,國立臺中教育大學,140101,教育學系,97.5,1,1
一般,公立,國立屏東大學,140107,教育心理與輔導學系,97.5,1,1
一般,公立,國立高雄師範大學,140302,工業科技教育學系,97.5,1,1
一般,公立,國立臺北教育大學,140408,幼兒與家庭教育學系,97.5,1,1
一般,公立,國立臺中教育大學,210101,美術學系,97.5,1,2
一般,私立,實踐大學,210401,音樂學系,97.5,1,2
一般,公立,國立臺南藝術大學,210405,應用音樂學系,97.5,1,2
一般,公立,國立臺南大學,210510,戲劇創作與應用學系,97.5,1,2
一般,公立,國立新竹教育大學,220201,中國語文學系,97.5,1,2
一般,私立,淡江大學,220201,中國文學學系,97.5,1,2
技職,公立,國立臺中科技大學,220202,應用中文系,97.5,1,2
一般,公立,國立金門大學,220204,華語文學系,97.5,1,2
一般,私立,佛光大學,220213,中國文學與應用學系,97.5,1,2
一般,私立,淡江大學,220314,法國語文學系,97.5,1,2
技職,私立,朝陽科技大學,230303,工業設計系,97.5,1,2
一般,公立,國立中興大學,340201,會計學系,97.5,1,3
一般,公立,國立中山大學,340301,企業管理學系,97.5,1,3
技職,私立,僑光科技大學,340301,企業管理系,97.5,1,3
一般,私立,淡江大學,340307,國際企業學系,97.5,1,3
一般,私立,淡江大學,340501,財務金融學系,97.5,1,3
一般,公立,國立中正大學,380101,法律學系,97.5,1,3
一般,公立,國立臺灣師範大學,440201,地球科學系,97.5,1,4
一般,私立,元智大學,520101,電機工程學系,97.5,1,5
一般,公立,國立高雄大學,520114,資訊工程學系,97.5,1,5
一般,公立,國立臺北大學,520126,通訊工程學系,97.5,1,5
一般,私立,淡江大學,520226,機械與機電工程學系,97.5,1,5
技職,公立,國立高雄應用科技大學,520403,化學工程與材料工程系,97.5,1,5
一般,私立,東海大學,520403,化學工程與材料工程學系,97.5,1,5
一般,私立,淡江大學,520403,化學工程與材料工程學系,97.5,1,5
一般,私立,東海大學,520602,工業工程與經營資訊學系,97.5,1,5
技職,公立,國立高雄海洋科技大學,621103,漁業生產與管理系,97.5,1,6
一般,私立,中國醫藥大學,720104,中醫學系,97.5,1,7
技職,公立,國立臺北護理健康大學,720601,護理系,97.5,1,7
一般,私立,東海大學,760301,社會工作學系,97.5,1,7
一般,公立,國立金門大學,810201,觀光管理學系,97.5,1,8
技職,公立,國立臺北護理健康大學,810501,運動保健系,97.5,1,8
技職,私立,朝陽科技大學,810508,休閒事業管理系,97.5,1,8
一般,私立,銘傳大學,340301,企業管理學系,97.55,1,3
一般,公立,國立臺南大學,140401,幼兒教育學系,97.56,1,1
一般,公立,國立臺南大學,140601,特殊教育學系,97.56,1,1
一般,公立,國立屏東大學,210604,視覺藝術學系,97.56,1,2
技職,公立,國立臺中科技大學,220312,應用英語系,97.56,1,2
一般,公立,國立屏東大學,310303,社會發展學系,97.56,1,3
一般,公立,國立臺南大學,310507,諮商與輔導學系,97.56,1,3
一般,公立,國立臺北教育大學,310509,心理與諮商學系,97.56,1,3
技職,私立,文藻外語大學,310901,國際事務系,97.56,1,3
一般,公立,國立臺灣藝術大學,320702,圖文傳播藝術學系,97.56,1,3
技職,公立,國立臺中科技大學,520114,資訊工程系,97.56,1,5
一般,公立,國立臺南大學,521310,綠色能源科技學系,97.56,1,5
一般,公立,國立政治大學,310101,經濟學系,97.59,1,3
一般,公立,國立交通大學,520114,資訊工程學系,97.59,1,5
技職,公立,國立虎尾科技大學,520202,車輛工程系,97.59,1,5
一般,私立,靜宜大學,810202,觀光事業學系,97.59,1,8
一般,公立,國立臺灣師範大學,140301,工業教育學系,97.62,1,1
一般,公立,國立臺北教育大學,230206,數位科技設計學系,97.62,1,2
技職,私立,朝陽科技大學,520311,營建工程系,97.62,1,5
技職,私立,朝陽科技大學,580207,景觀及都市設計系,97.62,1,5
一般,公立,國立高雄大學,220335,東亞語文學系,97.67,1,2
一般,私立,世新大學,320301,廣播電視電影學系,97.67,1,3
技職,公立,國立屏東科技大學,349906,工業管理系,97.67,1,3
一般,私立,東海大學,420103,生命科學系,97.67,1,4
技職,公立,國立屏東科技大學,620201,動物科學與畜產系,97.67,1,6
一般,公立,國立中興大學,620301,園藝學系,97.67,1,6
技職,私立,弘光科技大學,810502,運動休閒系,97.67,1,8
技職,私立,弘光科技大學,720601,護理系,97.69,1,7
一般,公立,國立臺灣師範大學,140315,體育學系,97.73,1,1
一般,公立,國立中正大學,320102,傳播學系,97.73,1,3
一般,公立,國立高雄大學,340508,金融管理學系,97.73,1,3
一般,公立,國立高雄大學,480109,資訊管理學系,97.73,1,4
一般,私立,義守大學,520103,電子工程學系,97.73,1,5
技職,公立,國立虎尾科技大學,520215,機械設計工程系,97.73,1,5
技職,公立,國立高雄海洋科技大學,810220,海洋休閒管理系,97.73,1,8
技職,公立,國立高雄應用科技大學,520103,電子工程系,97.76,1,5
一般,公立,國立彰化師範大學,140330,運動學系,97.78,1,1
一般,公立,臺北市立大學,140601,特殊教育學系,97.78,1,1
一般,私立,南華大學,210613,視覺與媒體藝術學系,97.78,1,2
技職,私立,樹德科技大學,230103,流行設計系,97.78,1,2
技職,公立,國立臺北商業大學,230203,數位多媒體設計系,97.78,1,2
技職,私立,台南應用科技大學,230307,商品設計系,97.78,1,2
技職,公立,國立臺北護理健康大學,310521,生死與健康心理諮商系,97.78,1,3
一般,公立,國立臺灣師範大學,320702,圖文傳播學系,97.78,1,3
技職,私立,南臺科技大學,340201,會計資訊系,97.78,1,3
技職,私立,文藻外語大學,340307,國際企業管理系,97.78,1,3
一般,公立,國立嘉義大學,420307,生物資源學系,97.78,1,4
一般,私立,淡江大學,449911,理學院尖端材料科學學士學位學程,97.78,1,4
一般,私立,淡江大學,480109,資訊管理學系,97.78,1,4
一般,私立,銘傳大學,480109,資訊管理學系,97.78,1,4
一般,私立,淡江大學,520101,電機工程學系,97.78,1,5
一般,公立,國立東華大學,520106,光電工程學系,97.78,1,5
技職,公立,國立虎尾科技大學,520201,動力機械工程系,97.78,1,5
一般,公立,國立臺灣大學,521302,工程科學及海洋工程學系,97.78,1,5
一般,私立,逢甲大學,580101,建築學系,97.78,1,5
一般,公立,國立嘉義大學,580203,景觀學系,97.78,1,5
技職,公立,國立勤益科技大學,580203,景觀系,97.78,1,5
一般,公立,國立嘉義大學,620102,農藝學系,97.78,1,6
一般,私立,東海大學,620202,畜產與生物科技學系,97.78,1,6
一般,公立,國立嘉義大學,620901,生物農業科技學系,97.78,1,6
技職,公立,國立屏東科技大學,621001,森林系,97.78,1,6
一般,私立,輔仁大學,720101,醫學系,97.78,1,7
一般,公立,國立臺灣大學,720301,藥學系,97.78,1,7
技職,私立,台北海洋技術學院,760223,健康促進與銀髮保健系,97.78,1,7
一般,公立,國立臺東大學,810241,文化資源與休閒產業學系,97.78,1,8
一般,公立,國立聯合大學,810243,文化觀光產業學系,97.78,1,8
技職,私立,長庚科技大學,810802,化妝品應用系,97.78,1,8
技職,私立,明志科技大學,520103,電子工程系,97.8,1,5
一般,私立,南華大學,140401,幼兒教育學系,97.83,1,1
技職,私立,南臺科技大學,340501,財務金融系,97.83,1,3
一般,公立,國立中興大學,520201,機械工程學系,97.83,1,5
一般,公立,國立臺灣大學,520315,生物環境系統工程學系,97.83,1,5
一般,公立,國立中興大學,520502,材料科學與工程學系,97.83,1,5
一般,公立,國立聯合大學,520502,材料科學工程學系,97.83,1,5
一般,公立,國立聯合大學,580101,建築學系,97.83,1,5
一般,私立,實踐大學,580102,建築設計學系,97.83,1,5
一般,公立,國立臺灣大學,760301,社會工作學系,97.83,1,7
技職,公立,國立屏東科技大學,760301,社會工作系,97.83,1,7
技職,私立,明志科技大學,340303,經營管理系,97.85,1,3
技職,公立,國立高雄第一科技大學,340505,金融系,97.85,1,3
一般,私立,靜宜大學,220307,英國語文學系,97.87,1,2
技職,公立,國立勤益科技大學,220312,應用英語系,97.87,1,2
一般,公立,國立東華大學,340501,財務金融學系,97.87,1,3
技職,公立,國立勤益科技大學,349930,文化創意事業系,97.87,1,3
一般,公立,國立中興大學,420103,生命科學系,97.87,1,4
技職,公立,國立高雄海洋科技大學,480109,資訊管理系,97.87,1,4
技職,公立,國立勤益科技大學,520114,資訊工程系,97.87,1,5
一般,公立,國立清華大學,521104,生醫工程與環境科學系,97.87,1,5
一般,公立,國立臺灣大學,620510,生物產業傳播暨發展學系,97.87,1,6
一般,公立,臺北市立大學,810504,休閒運動管理學系,97.87,1,8
一般,私立,亞洲大學,230104,時尚設計學系,97.89,1,2
一般,私立,淡江大學,440301,物理學系,97.89,1,4
技職,私立,長庚科技大學,720504,保健營養系,97.89,1,7
一般,公立,國立中正大學,220201,中國文學系,97.92,1,2
一般,公立,國立暨南國際大學,220201,中國語文學系,97.92,1,2
一般,私立,逢甲大學,220301,外國語文學系,97.92,1,2
一般,公立,國立中央大學,220314,國立臺灣大學,97.92,1,2
技職,私立,文藻外語大學,220315,德國語文系,97.92,1,2
一般,公立,國立成功大學,230303,工業設計學系,97.92,1,2
一般,公立,國立臺北大學,310301,社會學系,97.92,1,3
一般,公立,國立中正大學,311003,勞工關係學系,97.92,1,3
一般,公立,國立東華大學,340301,企業管理學系,97.92,1,3
技職,私立,明新科技大學,340802,行銷與流通管理系,97.92,1,3
一般,公立,國立嘉義大學,420310,生化科技學系,97.92,1,4
一般,公立,國立中正大學,440103,化學暨生物化學系,97.92,1,4
一般,公立,國立政治大學,460201,統計學系,97.92,1,4
一般,公立,國立臺灣海洋大學,520101,電機工程學系,97.92,1,5
一般,公立,國立暨南國際大學,520114,資訊工程學系,97.92,1,5
一般,公立,國立臺灣海洋大學,520226,機械與機電工程學系,97.92,1,5
一般,公立,國立嘉義大學,520255,機械與能源工程學系,97.92,1,5
一般,公立,國立中興大學,520401,化學工程學系,97.92,1,5
一般,私立,慈濟大學,720601,護理學系,97.92,1,7
技職,私立,德明財經科技大學,340301,企業管理系,97.93,1,3
技職,私立,文藻外語大學,320104,傳播藝術系,97.94,1,3
一般,公立,國立清華大學,520502,材料科學工程學系,97.94,1,5
一般,公立,國立臺北教育大學,140315,體育學系,97.96,1,1
一般,私立,實踐大學,220303,應用外語學系,97.96,1,2
技職,公立,國立虎尾科技大學,230203,多媒體設計系,97.96,1,2
一般,公立,國立東華大學,340307,國際企業學系,97.96,1,3
一般,私立,中原大學,340408,國際經營與貿易學系,97.96,1,3
技職,公立,國立虎尾科技大學,340501,財務金融系,97.96,1,3
一般,公立,國立中山大學,420101,生物科學系,97.96,1,4
一般,公立,國立彰化師範大學,440101,化學系,97.96,1,4
一般,公立,國立臺灣大學,480109,資訊管理學系,97.96,1,4
一般,公立,國立東華大學,480109,資訊管理學系,97.96,1,4
一般,私立,中原大學,480109,資訊管理學系,97.96,1,4
一般,公立,國立臺灣海洋大學,520114,資訊工程學系,97.96,1,5
一般,公立,國立屏東大學,520114,資訊工程學系,97.96,1,5
一般,私立,中國醫藥大學,720801,牙醫學系,97.96,1,7
技職,私立,文藻外語大學,220314,法國語文系,97.98,1,2
技職,私立,德明財經科技大學,480101,資訊科技系,97.98,1,4
一般,公立,國立臺南藝術大學,210703,藝術史學系,98,1,2
一般,私立,元智大學,210709,藝術與設計學系,98,1,2
一般,公立,國立臺灣大學,220201,中國文學系,98,1,2
一般,私立,東海大學,220301,外國語文學系,98,1,2
一般,私立,淡江大學,220342,英美語言文化學系全英語學士班,98,1,2
技職,私立,南臺科技大學,230313,創新產品設計系,98,1,2
一般,私立,世新大學,310101,經濟學系,98,1,3
一般,私立,淡江大學,310104,產業經濟學系,98,1,3
一般,公立,國立嘉義大學,310506,輔導與諮商學系,98,1,3
一般,私立,淡江大學,320101,大眾傳播學系,98,1,3
一般,私立,義守大學,340201,會計學系,98,1,3
一般,公立,國立屏東大學,340301,企業管理學系,98,1,3
一般,私立,實踐大學,340301,企業管理學系,98,1,3
技職,私立,健行科技大學,340309,國際企業經營系,98,1,3
一般,私立,中原大學,349998,商學院不分系,98,1,3
一般,公立,國立嘉義大學,440102,應用化學系,98,1,4
一般,公立,國立暨南國際大學,440102,應用化學系,98,1,4
一般,公立,國立中央大學,440301,物理學系,98,1,4
一般,公立,國立高雄大學,440302,應用物理學系,98,1,4
一般,公立,國立中山大學,460102,應用數學系,98,1,4
一般,公立,國立嘉義大學,480109,資訊管理學系,98,1,4
一般,公立,國立交通大學,520101,電機工程學系,98,1,5
技職,公立,國立高雄海洋科技大學,520103,微電子工程系,98,1,5
一般,公立,國立嘉義大學,520114,資訊工程學系,98,1,5
一般,私立,中原大學,520114,資訊工程學系,98,1,5
一般,公立,國立屏東大學,520116,資訊科學系,98,1,5
一般,公立,國立臺灣海洋大學,520125,通訊與導航工程學系,98,1,5
一般,公立,國立中興大學,620203,動物科學系,98,1,6
一般,公立,國立中興大學,620402,植物病理學系,98,1,6
一般,私立,中國醫藥大學,720315,藥用化妝品學系,98,1,7
技職,私立,輔英科技大學,720401,物理治療系,98,1,7
一般,私立,大葉大學,720601,護理學系,98,1,7
技職,公立,國立臺北護理健康大學,760401,嬰幼兒保育系,98,1,7
技職,私立,長庚科技大學,760401,幼兒保育系,98,1,7
一般,私立,台灣首府大學,810106,烘焙管理學系,98,1,8
一般,公立,國立臺灣體育運動大學,810309,技擊運動學系,98,1,8
技職,私立,南臺科技大學,810508,休閒事業管理系,98,1,8
一般,公立,國立嘉義大學,810515,體育與健康休閒學系,98,1,8
技職,私立,朝陽科技大學,320104,傳播藝術系,98.04,1,3
一般,私立,銘傳大學,320201,新聞學系,98.04,1,3
一般,私立,銘傳大學,320301,廣播電視學系,98.04,1,3
技職,公立,國立高雄第一科技大學,340601,風險管理與保險系,98.04,1,3
一般,私立,銘傳大學,340601,風險管理與保險學系,98.04,1,3
一般,公立,國立清華大學,420103,生命科學系,98.04,1,4
一般,私立,大同大學,520501,材料工程學系,98.04,1,5
一般,公立,國立交通大學,520502,材料科學與工程學系,98.04,1,5
技職,私立,明新科技大學,810101,旅館事業管理系,98.06,1,8
一般,公立,國立中央大學,220310,英美語文學系,98.08,1,2
一般,公立,國立政治大學,221101,哲學系,98.08,1,2
一般,公立,國立中興大學,310102,應用經濟學系,98.08,1,3
一般,私立,世新大學,320201,新聞學系,98.08,1,3
一般,私立,逢甲大學,340801,行銷學系,98.08,1,3
一般,私立,逢甲大學,580308,都市計畫與空間資訊學系,98.08,1,5
一般,私立,義守大學,720712,醫學影像暨放射科學系,98.08,1,7
技職,私立,朝陽科技大學,340201,會計系,98.09,1,3
一般,私立,中原大學,340201,會計學系,98.1,1,3
技職,私立,朝陽科技大學,220312,應用英語系,98.11,1,2
一般,私立,世新大學,230203,數位多媒體設計學系,98.11,1,2
一般,私立,世新大學,320108,口語傳播學系,98.11,1,3
一般,私立,世新大學,320401,公共關係暨廣告學系,98.11,1,3
一般,公立,國立臺灣大學,340201,會計學系,98.11,1,3
一般,公立,國立中興大學,340301,企業管理學系,98.11,1,3
一般,私立,靜宜大學,440102,應用化學系,98.11,1,4
一般,公立,國立東華大學,810201,觀光暨休閒遊憩學系,98.11,1,8
一般,私立,實踐大學,340408,國際經營與貿易學系,98.15,1,3
一般,公立,國立中興大學,340501,財務金融學系,98.15,1,3
一般,私立,輔仁大學,380101,法律學系,98.15,1,3
一般,公立,國立中興大學,440301,物理學系,98.15,1,4
一般,私立,中原大學,520201,機械工程學系,98.15,1,5
一般,私立,中原大學,520901,環境工程學系,98.15,1,5
一般,私立,中原大學,580203,景觀學系,98.15,1,5
一般,公立,國立東華大學,850104,自然資源與環境學系,98.15,1,8
一般,私立,輔仁大學,340301,企業管理學系,98.17,1,3
一般,私立,靜宜大學,220318,西班牙語文學系,98.18,1,2
一般,私立,亞洲大學,320105,資訊傳播學系,98.18,1,3
一般,私立,輔仁大學,320602,圖書資訊學系,98.18,1,3
一般,私立,靜宜大學,340307,國際企業學系,98.18,1,3
一般,私立,輔仁大學,340522,金融與國際企業學系,98.18,1,3
一般,私立,東海大學,480109,資訊管理學系,98.18,1,4
一般,公立,國立暨南國際大學,520101,電機工程學系,98.18,1,5
技職,私立,南臺科技大學,520403,化學工程與材料工程系,98.18,1,5
一般,私立,大同大學,521101,生物工程學系,98.18,1,5
技職,私立,樹德科技大學,760403,兒童與家庭服務系,98.18,1,7
一般,私立,東海大學,810102,餐旅管理學系,98.18,1,8
一般,公立,國立臺灣藝術大學,210401,音樂學系,98.21,1,2
一般,私立,逢甲大學,220201,中國文學系,98.21,1,2
一般,公立,國立成功大學,220301,外國語文學系,98.21,1,2
一般,私立,逢甲大學,310101,經濟學系,98.21,1,3
一般,私立,銘傳大學,320105,資訊傳播工程學系,98.21,1,3
一般,公立,國立成功大學,349908,工業與資訊管理學系,98.21,1,3
一般,私立,輔仁大學,420103,生命科學系,98.21,1,4
一般,公立,國立臺灣大學,440301,物理學系,98.21,1,4
一般,公立,國立成功大學,460101,數學系,98.21,1,4
一般,私立,逢甲大學,460201,統計學系,98.21,1,4
一般,私立,輔仁大學,520101,電機工程學系,98.21,1,5
一般,私立,逢甲大學,520103,電子工程學系,98.21,1,5
一般,私立,長庚大學,520114,資訊工程學系,98.21,1,5
一般,私立,銘傳大學,520114,資訊工程學系,98.21,1,5
一般,公立,國立成功大學,520228,系統及船舶機電工程學系,98.21,1,5
技職,私立,嘉南藥理大學,720301,藥學系,98.21,1,7
一般,私立,實踐大學,760404,家庭研究與兒童發展學系,98.21,1,7
一般,私立,淡江大學,140801,教育科技學系,98.23,1,1
一般,私立,淡江大學,320601,資訊與圖書館學系,98.23,1,3
一般,公立,國立中興大學,220201,中國文學系,98.25,1,2
一般,私立,輔仁大學,220307,英國語文學系,98.25,1,2
一般,私立,輔仁大學,220901,歷史學系,98.25,1,2
一般,私立,南華大學,320102,傳播學系,98.25,1,3
一般,公立,國立成功大學,460201,統計學系,98.25,1,4
技職,私立,台南應用科技大學,210101,美術系,98.26,1,2
一般,公立,國立政治大學,329999,傳播學院大一大二不分系,98.26,1,3
一般,私立,銘傳大學,340902,醫療資訊與管理學系,98.26,1,3
一般,私立,中國醫藥大學,720101,醫學系,98.26,1,7
一般,私立,輔仁大學,210101,應用美術學系,98.28,1,2
一般,私立,輔仁大學,220314,法國語文學系,98.28,1,2
一般,私立,輔仁大學,220318,西班牙語文學系,98.28,1,2
一般,公立,國立臺灣大學,310101,經濟學系,98.28,1,3
一般,私立,輔仁大學,320302,影像傳播學系,98.28,1,3
一般,公立,國立高雄大學,460102,應用數學系,98.28,1,4
一般,公立,國立東華大學,520101,電機工程學系,98.28,1,5
一般,公立,國立中興大學,520239,生物產業機電工程學系,98.28,1,5
一般,私立,輔仁大學,580201,景觀設計學系,98.28,1,5
一般,私立,輔仁大學,620601,食品科學系,98.28,1,6
一般,私立,實踐大學,720502,食品營養與保健生技學系,98.28,1,7
一般,私立,輔仁大學,720507,營養科學系,98.28,1,7
一般,私立,中國文化大學,760304,社會福利學系,98.28,1,7
一般,私立,東吳大學,210401,音樂學系,98.31,1,2
一般,私立,東吳大學,310201,政治學系,98.31,1,3
一般,私立,東吳大學,310301,社會學系,98.31,1,3
一般,私立,中國文化大學,310504,心理輔導學系,98.31,1,3
一般,公立,國立東華大學,310720,臺灣文化學系,98.31,1,3
一般,私立,東吳大學,340408,國際經營與貿易學系,98.31,1,3
一般,私立,東吳大學,420401,微生物學系,98.31,1,4
一般,私立,中國文化大學,580108,建築及都市設計學系,98.31,1,5
一般,私立,元智大學,520126,通訊工程學系,98.32,1,5
一般,公立,臺北市立大學,140101,教育學系,98.33,1,1
一般,私立,元智大學,220201,中國語文學系,98.33,1,2
一般,私立,銘傳大學,220312,應用英語學系,98.33,1,2
一般,私立,淡江大學,220318,西班牙語文學系,98.33,1,2
一般,私立,淡江大學,220320,日本語文學系,98.33,1,2
一般,私立,淡江大學,220323,俄國語文學系,98.33,1,2
一般,私立,銘傳大學,230302,商業設計學系,98.33,1,2
一般,私立,銘傳大學,230307,商品設計學系,98.33,1,2
一般,私立,銘傳大學,310101,經濟學系,98.33,1,3
一般,私立,元智大學,310306,社會暨政策科學學系,98.33,1,3
一般,私立,東海大學,310804,行政管理暨政策學系,98.33,1,3
一般,私立,淡江大學,340201,會計學系,98.33,1,3
一般,公立,國立臺北大學,340701,財政學系,98.33,1,3
一般,公立,國立中央大學,440201,地球科學學系,98.33,1,4
一般,私立,淡江大學,840101,運輸管理學系,98.33,1,8
一般,私立,南華大學,310302,應用社會學系,98.36,1,3
一般,公立,國立清華大學,440301,物理學系,98.36,1,4
一般,公立,國立政治大學,220307,英國語文學系,98.41,1,2
技職,公立,國立臺北護理健康大學,340904,健康事業管理系,98.41,1,3
技職,公立,國立臺北護理健康大學,480109,資訊管理系,98.41,1,4
技職,私立,僑光科技大學,340501,財務金融系,98.44,1,3
一般,私立,亞洲大學,340201,會計與資訊學系,98.51,1,3
一般,私立,銘傳大學,340307,國際企業學系,98.53,1,3
一般,公立,國立臺灣師範大學,220308,英語學系,98.57,1,2
一般,私立,中國醫藥大學,720601,護理學系,98.57,1,7
技職,私立,致理科技大學,340401,國際貿易系,98.6,1,3
技職,私立,德明財經科技大學,340501,財務金融系,98.62,1,3
技職,公立,國立高雄第一科技大學,220321,應用日語系,98.63,1,2
一般,公立,國立臺灣大學,621002,森林環境暨資源學系,98.65,1,6
一般,私立,輔仁大學,810702,織品服裝學系,98.71,1,8
一般,公立,國立新竹教育大學,140401,幼兒教育學系,98.72,1,1
一般,公立,國立新竹教育大學,210709,藝術與設計學系,98.72,1,2
一般,公立,國立中央大學,460101,數學系,98.72,1,4
一般,公立,國立金門大學,520103,電子工程學系,98.72,1,5
一般,公立,國立彰化師範大學,340201,會計學系,98.73,1,3
一般,公立,國立臺灣大學,520101,電機工程學系,98.73,1,5
技職,公立,國立雲林科技大學,520601,工業工程與管理系,98.73,1,5
一般,私立,長榮大學,220321,應用日語學系,98.75,1,2
技職,私立,大仁科技大學,720301,藥學系,98.75,1,7
一般,私立,中山醫學大學,720801,牙醫學系,98.75,1,7
一般,公立,國立政治大學,220201,中國文學系,98.78,1,2
一般,公立,國立高雄師範大學,220308,英語學系,98.78,1,2
技職,公立,國立高雄第一科技大學,520130,電腦與通訊工程系,98.78,1,5
一般,私立,逢甲大學,340201,會計學系,98.81,1,3
技職,私立,亞東技術學院,520126,通訊工程系,98.81,1,5
技職,私立,弘光科技大學,620602,食品科技系,98.81,1,6
技職,公立,國立高雄海洋科技大學,840106,航運管理系,98.81,1,8
一般,私立,東海大學,440101,化學系,98.82,1,4
技職,公立,國立屏東科技大學,520202,車輛工程系,98.82,1,5
技職,私立,弘光科技大學,720401,物理治療系,98.84,1,7
一般,公立,國立中興大學,520101,電機工程學系,98.85,1,5
技職,公立,國立勤益科技大學,529907,冷凍空調與能源系,98.85,1,5
一般,公立,國立臺灣大學,340307,國際企業學系,98.86,1,3
技職,公立,國立虎尾科技大學,349906,工業管理系,98.86,1,3
技職,公立,國立虎尾科技大學,520121,自動化工程系,98.86,1,5
技職,私立,明志科技大學,520601,工業工程與管理系,98.86,1,5
一般,私立,淡江大學,460201,統計學系,98.88,1,4
一般,私立,亞洲大學,520114,資訊工程學系,98.88,1,5
一般,私立,亞洲大學,140401,幼兒教育學系,98.89,1,1
技職,公立,國立虎尾科技大學,340301,企業管理系,98.89,1,3
技職,公立,國立虎尾科技大學,520220,機械與電腦輔助工程系,98.89,1,5
一般,私立,東吳大學,3499334,巨量資料管理學院學士學位學程,98.89,1,3
技職,私立,文藻外語大學,140213,外語教學系,98.9,1,1
技職,公立,國立虎尾科技大學,220303,應用外語系,98.91,1,2
技職,公立,國立臺北商業大學,340825,商業設計管理系,98.91,1,3
技職,私立,南臺科技大學,320105,資訊傳播系,98.94,1,3
技職,公立,國立勤益科技大學,340301,企業管理系,98.94,1,3
技職,私立,龍華科技大學,480301,多媒體與遊戲發展科學系,98.94,1,4
技職,公立,國立虎尾科技大學,520502,材料科學與工程系,98.94,1,5
一般,公立,國立臺灣海洋大學,620601,食品科學系,98.94,1,6
技職,公立,國立高雄海洋科技大學,620603,水產食品科學系,98.94,1,6
技職,私立,致理科技大學,230203,多媒體設計系,98.96,1,2
技職,私立,致理科技大學,340802,行銷與流通管理系,98.96,1,3
一般,私立,世新大學,220320,日本語文學系,99,1,2
一般,私立,東海大學,220341,日本語言文化學系,99,1,2
一般,私立,亞洲大學,230203,數位媒體設計學系,99,1,2
一般,私立,亞洲大學,230309,創意商品設計學系,99,1,2
一般,私立,世新大學,340501,財務金融學系,99,1,3
一般,私立,中原大學,420302,生物科技學系,99,1,4
技職,私立,僑光科技大學,480309,多媒體與遊戲設計系,99,1,4
一般,私立,大葉大學,520219,機械與自動化工程學系,99,1,5
一般,私立,逢甲大學,520301,土木工程學系,99,1,5
一般,私立,逢甲大學,521004,水利工程與資源保育學系,99,1,5
一般,私立,銘傳大學,340201,會計學系,99.02,1,3
一般,私立,銘傳大學,340501,財務金融學系,99.02,1,3
技職,私立,朝陽科技大學,340802,行銷與流通管理系,99.02,1,3
一般,公立,國立臺灣師範大學,220201,國文學系,99.05,1,2
技職,私立,台南應用科技大學,810704,服飾設計管理系,99.05,1,8
一般,公立,國立臺灣大學,220301,外國語文學系,99.07,1,2
一般,私立,實踐大學,340501,財務金融學系,99.07,1,3
一般,私立,中原大學,220204,應用華語文學系,99.09,1,2
一般,私立,輔仁大學,220320,日本語文學系,99.09,1,2
一般,私立,輔仁大學,340201,會計學系,99.09,1,3
技職,公立,國立雲林科技大學,520103,電子工程系,99.09,1,5
一般,私立,逢甲大學,520401,化學工程學系,99.09,1,5
一般,私立,靜宜大學,810803,化粧品科學系,99.09,1,8
一般,私立,逢甲大學,340703,財稅學系,99.11,1,3
一般,私立,東吳大學,340201,會計學系,99.13,1,3
一般,公立,國立臺灣大學,520401,化學工程學系,99.13,1,5
一般,私立,輔仁大學,220201,中國文學系,99.14,1,2
技職,私立,僑光科技大學,220312,應用英語系,99.17,1,2
一般,私立,銘傳大學,230203,數位媒體設計學系,99.17,1,2
一般,私立,東海大學,310301,社會學系,99.17,1,3
一般,公立,國立臺北大學,310802,公共行政暨政策學系,99.17,1,3
一般,私立,淡江大學,340301,企業管理學系,99.17,1,3
一般,私立,東海大學,520114,資訊工程學系,99.17,1,5
一般,公立,國立清華大學,520114,資訊工程學系,99.21,1,5
技職,公立,國立勤益科技大學,520101,電機工程系,99.25,1,5
技職,私立,朝陽科技大學,340605,保險金融管理系,99.29,1,3
技職,公立,國立高雄應用科技大學,520101,電機工程系,99.29,1,5
一般,公立,國立臺灣大學,520201,機械工程學系,99.29,1,5
技職,公立,國立勤益科技大學,520601,工業工程與管理系,99.29,1,5
技職,公立,國立高雄應用科技大學,520201,機械工程系,99.3,1,5
一般,公立,國立臺灣大學,310201,政治學系,99.33,1,3
一般,公立,國立臺灣大學,380101,法律學系,99.35,1,3
技職,公立,國立高雄應用科技大學,520216,模具工程系,99.37,1,5
一般,私立,逢甲大學,520220,機械與電腦輔助工程學系,99.37,1,5
一般,私立,逢甲大學,340401,國際貿易學系,99.4,1,3
一般,公立,國立政治大學,140101,教育學系,100,1,1
一般,公立,國立嘉義大學,140101,教育學系,100,1,1
一般,公立,國立臺北教育大學,140101,教育學系,100,1,1
一般,公立,國立臺灣師範大學,140107,教育心理與輔導學系,100,1,1
一般,公立,國立東華大學,140120,課程設計與潛能開發學系,100,1,1
一般,公立,國立臺灣師範大學,140201,公民教育與活動領導學系,100,1,1
一般,公立,國立臺灣師範大學,140203,華語文教學系,100,1,1
一般,公立,國立臺北教育大學,140212,兒童英語教育學系,100,1,1
一般,公立,國立新竹教育大學,140212,英語教學系,100,1,1
一般,公立,國立彰化師範大學,140221,公共事務與公民教育學系,100,1,1
一般,公立,國立臺灣師範大學,140222,社會教育學系,100,1,1
一般,公立,國立彰化師範大學,140301,工業教育與技術學系,100,1,1
一般,公立,國立高雄師範大學,140315,體育學系,100,1,1
一般,公立,國立新竹教育大學,140315,體育學系,100,1,1
一般,公立,國立屏東大學,140315,體育學系,100,1,1
一般,公立,臺北市立大學,140315,體育學系,100,1,1
一般,公立,國立嘉義大學,140401,幼兒教育學系,100,1,1
一般,公立,國立東華大學,140401,幼兒教育學系,100,1,1
一般,公立,國立中正大學,140501,成人及繼續教育學系,100,1,1
一般,公立,國立彰化師範大學,140601,特殊教育學系,100,1,1
一般,公立,國立東華大學,140601,特殊教育學系,100,1,1
一般,公立,國立臺中教育大學,140601,特殊教育學系,100,1,1
一般,私立,中原大學,140601,特殊教育學系,100,1,1
一般,公立,國立暨南國際大學,140704,教育政策與行政學系,100,1,1
一般,公立,國立嘉義大學,140806,數位學習設計與管理學系,100,1,1
一般,公立,臺北市立大學,140814,學習與媒材設計學系,100,1,1
一般,公立,國立屏東大學,149911,科普傳播學系,100,1,1
一般,公立,國立臺灣師範大學,210101,美術學系,100,1,2
一般,公立,國立彰化師範大學,210101,美術學系,100,1,2
一般,公立,國立臺北藝術大學,210101,美術學系,100,1,2
一般,公立,國立臺灣藝術大學,210101,美術學系,100,1,2
一般,公立,國立臺灣藝術大學,210302,工藝設計學系,100,1,2
一般,公立,國立臺灣師範大學,210401,音樂學系,100,1,2
一般,公立,國立臺北藝術大學,210401,音樂學系,100,1,2
一般,公立,國立臺東大學,210401,音樂學系,100,1,2
一般,公立,國立臺南藝術大學,210401,音樂學系,100,1,2
一般,公立,臺北市立大學,210401,音樂學系,100,1,2
一般,公立,國立臺灣藝術大學,210402,中國音樂學系,100,1,2
一般,私立,南華大學,210406,民族音樂學系,100,1,2
技職,公立,國立臺灣戲曲學院,210407,戲曲音樂學系,100,1,2
一般,公立,國立臺灣大學,210501,戲劇學系,100,1,2
一般,公立,國立臺北藝術大學,210501,戲劇學系,100,1,2
技職,公立,國立臺灣戲曲學院,210503,歌仔戲學系,100,1,2
技職,公立,國立臺灣戲曲學院,210504,京劇學系,100,1,2
技職,公立,國立臺灣戲曲學院,210505,客家戲學系,100,1,2
技職,公立,國立臺灣戲曲學院,210506,劇場藝術學系,100,1,2
一般,公立,國立臺北藝術大學,210507,劇場設計學系,100,1,2
一般,公立,國立臺灣藝術大學,210511,舞蹈學系,100,1,2
一般,公立,國立臺灣體育運動大學,210511,舞蹈學系,100,1,2
一般,公立,臺北市立大學,210511,舞蹈學系,100,1,2
一般,公立,國立臺灣藝術大學,210601,電影學系,100,1,2
一般,公立,國立臺北藝術大學,210602,電影創作學系,100,1,2
一般,公立,國立嘉義大學,210604,視覺藝術學系,100,1,2
一般,公立,臺北市立大學,210604,視覺藝術學系,100,1,2
一般,公立,國立臺北藝術大學,210614,動畫學系,100,1,2
技職,私立,樹德科技大學,210707,表演藝術系,100,1,2
技職,公立,國立臺灣戲曲學院,210802,民俗技藝學系,100,1,2
一般,公立,國立臺灣藝術大學,210902,多媒體動畫藝術學系,100,1,2
一般,公立,國立臺北藝術大學,210903,新媒體藝術學系,100,1,2
一般,公立,國立臺北教育大學,210908,文化創意產業經營學系,100,1,2
技職,公立,國立雲林科技大學,211005,文化資產維護系,100,1,2
一般,公立,國立成功大學,220101,台灣文學系,100,1,2
一般,公立,國立中央大學,220201,中國文學系,100,1,2
一般,公立,國立中山大學,220201,中國文學系,100,1,2
一般,公立,國立彰化師範大學,220201,國文學系,100,1,2
一般,私立,東海大學,220201,中國文學系,100,1,2
一般,公立,國立臺灣師範大學,220204,應用華語文學系,100,1,2
一般,公立,國立中興大學,220301,外國語文學系,100,1,2
一般,公立,國立交通大學,220301,外國語文學系,100,1,2
一般,公立,國立中山大學,220301,外國語文學系,100,1,2
一般,公立,國立暨南國際大學,220301,外國語文學系,100,1,2
技職,公立,國立臺灣科技大學,220303,應用外語系,100,1,2
技職,公立,國立雲林科技大學,220303,應用外語系,100,1,2
技職,公立,國立屏東科技大學,220303,應用外語系,100,1,2
技職,公立,國立高雄應用科技大學,220303,應用外語系,100,1,2
技職,公立,國立臺北商業大學,220303,應用外語系,100,1,2
一般,私立,中原大學,220304,應用外國語文學系,100,1,2
一般,公立,國立彰化師範大學,220308,英語學系,100,1,2
一般,公立,國立臺南大學,220308,英語學系,100,1,2
技職,公立,國立臺北科技大學,220311,應用英文系,100,1,2
技職,公立,國立高雄第一科技大學,220312,應用英語系,100,1,2
技職,公立,國立高雄餐旅大學,220312,應用英語系,100,1,2
一般,私立,淡江大學,220315,德國語文學系,100,1,2
一般,私立,輔仁大學,220316,德語語文學系,100,1,2
技職,公立,國立高雄第一科技大學,220317,應用德語系,100,1,2
一般,公立,國立政治大學,220320,日本語文學系,100,1,2
一般,公立,國立臺灣大學,220320,日本語文學系,100,1,2
一般,私立,東吳大學,220320,日本語文學系,100,1,2
技職,公立,國立臺中科技大學,220321,應用日語系,100,1,2
一般,公立,國立政治大學,220324,韓國語文學系,100,1,2
一般,公立,國立政治大學,220326,土耳其語文學系,100,1,2
一般,公立,國立政治大學,220327,歐洲語文學系,100,1,2
一般,公立,國立政治大學,220333,斯拉夫語文學系,100,1,2
一般,公立,國立臺北教育大學,220401,語文與創作學系,100,1,2
技職,私立,文藻外語大學,220501,翻譯系,100,1,2
一般,公立,國立政治大學,220901,歷史學系,100,1,2
一般,公立,國立臺灣大學,220901,歷史學系,100,1,2
一般,公立,國立臺灣師範大學,220901,歷史學系,100,1,2
一般,公立,國立臺北大學,220901,歷史學系,100,1,2
一般,公立,臺北市立大學,220906,歷史與地理學系,100,1,2
一般,公立,國立臺灣大學,221001,人類學系,100,1,2
一般,公立,國立臺灣大學,221101,哲學系,100,1,2
一般,公立,國立屏東大學,229910,文化創意產業學系,100,1,2
一般,公立,國立清華大學,229999,人文社會學院學士班,100,1,2
一般,公立,國立臺南藝術大學,230101,材質創作與設計系,100,1,2
一般,公立,國立臺灣師範大學,230106,設計學系,100,1,2
一般,私立,亞洲大學,230106,創意設計學院不分系國際設計學士班,100,1,2
技職,公立,國立雲林科技大學,230108,創意生活設計系,100,1,2
技職,公立,國立雲林科技大學,230201,視覺傳達設計系,100,1,2
一般,公立,國立臺灣藝術大學,230201,視覺傳達設計學系,100,1,2
技職,私立,朝陽科技大學,230201,視覺傳達設計系,100,1,2
技職,私立,明志科技大學,230201,視覺傳達設計系,100,1,2
一般,私立,亞洲大學,230201,視覺傳達設計學系,100,1,2
技職,公立,國立雲林科技大學,230203,數位媒體設計系,100,1,2
技職,公立,國立臺中科技大學,230203,多媒體設計系,100,1,2
一般,私立,大同大學,230203,媒體設計學系,100,1,2
技職,公立,國立臺北科技大學,230213,互動設計系,100,1,2
技職,公立,國立臺灣科技大學,230301,工商業設計系,100,1,2
技職,公立,國立臺中科技大學,230302,商業設計系,100,1,2
技職,公立,國立雲林科技大學,230303,工業設計系,100,1,2
技職,公立,國立臺北科技大學,230303,工業設計系,100,1,2
一般,私立,實踐大學,230303,工業產品設計學系,100,1,2
技職,私立,明志科技大學,230303,工業設計系,100,1,2
技職,公立,國立高雄第一科技大學,230323,創新設計工程系,100,1,2
技職,公立,國立臺中科技大學,230401,室內設計系,100,1,2
一般,私立,中原大學,230401,室內設計學系,100,1,2
一般,私立,亞洲大學,230401,室內設計學系,100,1,2
技職,公立,國立雲林科技大學,230404,建築與室內設計系,100,1,2
一般,公立,國立清華大學,310101,經濟學系,100,1,3
一般,公立,國立成功大學,310101,經濟學系,100,1,3
一般,私立,逢甲大學,310103,合作經濟學系,100,1,3
一般,公立,國立政治大學,310201,政治學系,100,1,3
一般,公立,國立中正大學,310201,政治學系,100,1,3
一般,公立,國立臺灣大學,310301,社會學系,100,1,3
一般,公立,國立政治大學,310401,民族學系,100,1,3
一般,私立,輔仁大學,310505,臨床心理學系,100,1,3
一般,公立,國立臺灣師範大學,310601,地理學系,100,1,3
一般,公立,國立臺灣師範大學,310702,東亞學系,100,1,3
一般,私立,東吳大學,310710,德國文化學系,100,1,3
一般,公立,國立臺南大學,310713,文化與自然資源學系,100,1,3
一般,公立,臺北市立大學,310809,社會暨公共事務學系,100,1,3
一般,私立,靜宜大學,320101,大眾傳播學系,100,1,3
一般,公立,國立交通大學,320103,傳播與科技學系,100,1,3
一般,私立,世新大學,320105,資訊傳播學系,100,1,3
一般,私立,輔仁大學,320202,新聞傳播學系,100,1,3
一般,公立,國立臺灣藝術大學,320301,廣播電視學系,100,1,3
一般,公立,國立臺灣大學,320602,圖書資訊學系,100,1,3
一般,私立,世新大學,320703,圖文傳播暨數位出版學系,100,1,3
一般,私立,輔仁大學,320801,廣告傳播學系,100,1,3
一般,私立,銘傳大學,320805,廣告暨策略行銷學系,100,1,3
一般,私立,靜宜大學,340119,寰宇管理學士學位學程,100,1,3
一般,公立,國立政治大學,340201,會計學系,100,1,3
一般,公立,國立中正大學,340201,會計與資訊科技學系,100,1,3
一般,公立,國立臺北大學,340201,會計學系,100,1,3
技職,公立,國立雲林科技大學,340201,會計系,100,1,3
技職,公立,國立高雄第一科技大學,340201,會計資訊系,100,1,3
技職,公立,國立高雄應用科技大學,340201,會計系,100,1,3
技職,公立,國立臺中科技大學,340201,會計資訊系,100,1,3
技職,公立,國立臺北商業大學,340201,會計資訊系,100,1,3
一般,公立,國立臺灣師範大學,340301,企業管理學系,100,1,3
一般,公立,國立成功大學,340301,企業管理學系,100,1,3
一般,公立,國立嘉義大學,340301,企業管理學系,100,1,3
技職,公立,國立臺灣科技大學,340301,企業管理系,100,1,3
技職,公立,國立雲林科技大學,340301,企業管理系,100,1,3
技職,公立,國立高雄應用科技大學,340301,企業管理系,100,1,3
技職,公立,國立臺中科技大學,340301,企業管理系,100,1,3
技職,公立,國立臺北商業大學,340301,企業管理系,100,1,3
一般,私立,中信金融管理學院,340301,企業管理學系,100,1,3
技職,公立,國立臺北科技大學,340303,經營管理系,100,1,3
一般,公立,國立臺南大學,340303,經營與管理學系,100,1,3
技職,公立,國立高雄應用科技大學,340307,國際企業系,100,1,3
一般,私立,逢甲大學,340307,國際企業管理學士學位學程(英語專班),100,1,3
一般,私立,實踐大學,340307,管理學院國際企業英語學士學位學程,100,1,3
一般,私立,南華大學,340307,管理學院國際企業學士學位學程,100,1,3
技職,私立,南臺科技大學,340307,國際企業系,100,1,3
一般,私立,亞洲大學,340307,國際企業學系,100,1,3
技職,公立,國立雲林科技大學,340310,國際管理學士學位學程,100,1,3
一般,公立,國立屏東大學,340311,商業自動化與管理學系,100,1,3
技職,私立,南臺科技大學,340323,企業電子化學位學程,100,1,3
技職,公立,國立臺北商業大學,340403,國際商務系,100,1,3
一般,公立,國立政治大學,340408,國際經營與貿易學系,100,1,3
技職,公立,國立臺中科技大學,340413,國際貿易與經營系,100,1,3
技職,公立,國立雲林科技大學,340501,財務金融系,100,1,3
技職,公立,國立屏東科技大學,340501,財務金融國際學士學位學程,100,1,3
技職,公立,國立臺中科技大學,340501,財務金融系,100,1,3
技職,公立,國立臺北商業大學,340501,財務金融系,100,1,3
技職,私立,朝陽科技大學,340501,財務金融系,100,1,3
一般,私立,中信金融管理學院,340501,財務金融學系,100,1,3
一般,公立,國立政治大學,340504,財務管理學系,100,1,3
一般,公立,國立政治大學,340505,金融學系,100,1,3
技職,公立,國立高雄應用科技大學,340505,金融系,100,1,3
技職,公立,國立臺北科技大學,340511,資訊與財金管理系,100,1,3
技職,公立,國立高雄應用科技大學,340524,財富與稅務管理系,100,1,3
一般,公立,國立彰化師範大學,340528,財務金融技術學系,100,1,3
一般,公立,國立政治大學,340601,風險管理與保險學系,100,1,3
技職,公立,國立臺中科技大學,340605,保險金融管理系,100,1,3
一般,私立,中國醫藥大學,340609,健康風險管理學系,100,1,3
技職,公立,國立臺中科技大學,340702,財政稅務系,100,1,3
技職,公立,國立臺北商業大學,340702,財政稅務系,100,1,3
一般,公立,國立中興大學,340801,行銷學系,100,1,3
技職,公立,國立高雄第一科技大學,340802,行銷與流通管理系,100,1,3
技職,公立,國立勤益科技大學,340803,流通管理系,100,1,3
技職,公立,國立臺中科技大學,340803,流通管理系,100,1,3
技職,公立,國立高雄第一科技大學,340805,運籌管理系,100,1,3
技職,公立,國立高雄海洋科技大學,340827,供應鏈管理系,100,1,3
技職,公立,國立臺灣科技大學,349906,工業管理系,100,1,3
技職,公立,國立高雄應用科技大學,349920,人力資源發展系,100,1,3
一般,私立,世新大學,349925,傳播管理學系,100,1,3
技職,公立,國立臺北科技大學,349930,文化事業發展系,100,1,3
一般,公立,國立東華大學,380101,法律學士學位學程,100,1,3
一般,私立,稻江科技暨管理學院,380101,法律學士學位學程,100,1,3
一般,私立,輔仁大學,380106,學士後法律學系,100,1,3
一般,私立,中信金融管理學院,380201,財經法律學系,100,1,3
一般,公立,國立臺灣海洋大學,380216,海洋法政學士學位學程,100,1,3
一般,公立,國立清華大學,429903,生命科學院學士班,100,1,4
一般,私立,東吳大學,440101,化學系,100,1,4
一般,公立,國立臺灣師範大學,440301,物理學系,100,1,4
一般,公立,國立中山大學,440301,物理學系,100,1,4
一般,公立,國立中正大學,440301,物理學系,100,1,4
一般,私立,中原大學,440301,物理學系,100,1,4
一般,私立,東海大學,440302,應用物理學系,100,1,4
一般,公立,國立臺灣海洋大學,440504,海洋環境資訊系,100,1,4
一般,公立,臺北市立大學,449908,地球環境暨生物資源學系,100,1,4
一般,公立,國立清華大學,449999,理學院學士班,100,1,4
一般,公立,國立清華大學,460101,數學系,100,1,4
一般,私立,東吳大學,460101,數學系,100,1,4
一般,公立,國立中興大學,460102,應用數學系,100,1,4
一般,公立,國立嘉義大學,460102,應用數學系,100,1,4
技職,公立,國立臺中科技大學,460203,應用統計系,100,1,4
一般,公立,國立中正大學,480109,資訊管理學系,100,1,4
技職,公立,國立臺灣科技大學,480109,資訊管理系,100,1,4
技職,公立,國立雲林科技大學,480109,資訊管理系,100,1,4
技職,公立,國立屏東科技大學,480109,資訊管理系,100,1,4
技職,公立,國立高雄第一科技大學,480109,資訊管理系,100,1,4
技職,公立,國立虎尾科技大學,480109,資訊管理系,100,1,4
技職,公立,國立勤益科技大學,480109,資訊管理系,100,1,4
技職,公立,國立臺中科技大學,480109,資訊管理系,100,1,4
技職,公立,國立臺北商業大學,480109,資訊管理系,100,1,4
技職,私立,亞東技術學院,480109,資訊管理系,100,1,4
技職,私立,南臺科技大學,480302,多媒體與電腦娛樂科學系,100,1,4
一般,公立,國立高雄師範大學,480317,軟體工程與管理學系,100,1,4
一般,公立,國立臺灣師範大學,520101,電機工程學系,100,1,5
一般,公立,國立彰化師範大學,520101,電機工程學系,100,1,5
技職,公立,國立臺灣科技大學,520101,電機工程系,100,1,5
技職,公立,國立臺北科技大學,520101,電機工程系,100,1,5
技職,公立,國立虎尾科技大學,520101,電機工程系,100,1,5
一般,私立,大同大學,520101,電機工程學系,100,1,5
技職,私立,明志科技大學,520101,電機工程系,100,1,5
技職,公立,國立臺灣科技大學,520103,電子工程系,100,1,5
技職,公立,國立臺北科技大學,520103,電子工程系,100,1,5
技職,公立,國立高雄第一科技大學,520103,電子工程系,100,1,5
技職,公立,國立虎尾科技大學,520103,電子工程系,100,1,5
技職,公立,國立勤益科技大學,520103,電子工程系,100,1,5
一般,公立,國立中山大學,520106,光電工程學系,100,1,5
技職,公立,國立臺北科技大學,520106,光電工程系,100,1,5
技職,公立,國立虎尾科技大學,520106,光電工程系,100,1,5
一般,公立,國立臺灣大學,520114,資訊工程學系,100,1,5
技職,公立,國立臺灣科技大學,520114,資訊工程系,100,1,5
技職,公立,國立雲林科技大學,520114,資訊工程系,100,1,5
技職,公立,國立高雄應用科技大學,520114,資訊工程系,100,1,5
一般,公立,國立聯合大學,520114,資訊工程學系,100,1,5
一般,公立,國立臺北教育大學,520116,資訊科學系,100,1,5
一般,公立,臺北市立大學,520116,資訊科學系,100,1,5
技職,私立,龍華科技大學,520117,資訊網路工程系,100,1,5
一般,公立,國立中興大學,520119,資訊科學與工程學系,100,1,5
技職,公立,國立高雄海洋科技大學,520124,電訊工程系,100,1,5
一般,公立,國立中央大學,520126,通訊工程學系,100,1,5
技職,公立,國立臺灣科技大學,520201,機械工程系,100,1,5
技職,公立,國立雲林科技大學,520201,機械工程系,100,1,5
技職,公立,國立臺北科技大學,520201,機械工程系,100,1,5
技職,公立,國立臺北科技大學,520202,車輛工程系,100,1,5
技職,公立,國立虎尾科技大學,520206,飛機工程系,100,1,5
技職,公立,國立高雄第一科技大學,520219,機械與自動化工程系,100,1,5
一般,公立,國立臺灣師範大學,520226,機電工程學系,100,1,5
一般,公立,國立嘉義大學,520239,生物機電工程學系,100,1,5
技職,公立,國立屏東科技大學,520239,生物機電工程系,100,1,5
一般,私立,逢甲大學,520265,精密系統設計學士學位學程,100,1,5
技職,公立,國立臺北科技大學,520301,土木工程系,100,1,5
技職,公立,國立高雄應用科技大學,520301,土木工程系,100,1,5
一般,公立,國立高雄大學,520306,土木與環境工程學系,100,1,5
技職,公立,國立臺灣科技大學,520311,營建工程系,100,1,5
技職,公立,國立雲林科技大學,520311,營建工程系,100,1,5
技職,公立,國立高雄第一科技大學,520311,營建工程系,100,1,5
技職,私立,中國科技大學,520323,土木與防災設計系,100,1,5
技職,公立,國立臺灣科技大學,520401,化學工程系,100,1,5
技職,私立,明志科技大學,520401,化學工程系,100,1,5
技職,公立,國立臺北科技大學,520402,化學工程與生物科技系,100,1,5
技職,公立,國立雲林科技大學,520403,化學工程與材料工程系,100,1,5
技職,公立,國立勤益科技大學,520403,化工與材料工程系,100,1,5
技職,公立,國立臺北科技大學,520408,分子科學與工程系,100,1,5
一般,公立,國立臺灣大學,520502,材料科學與工程學系,100,1,5
技職,公立,國立臺灣科技大學,520502,材料科學與工程系,100,1,5
技職,公立,國立臺北科技大學,520507,材料及資源工程系,100,1,5
一般,公立,國立中山大學,520509,材料與光電科學學系,100,1,5
一般,公立,國立交通大學,520520,奈米科學及工程學士學位學程,100,1,5
技職,公立,國立臺北科技大學,520601,工業工程與管理系,100,1,5
技職,公立,國立高雄應用科技大學,520601,工業工程與管理系,100,1,5
一般,私立,大葉大學,520601,工業工程與管理學系,100,1,5
技職,公立,國立高雄第一科技大學,520905,環境與安全衛生工程系,100,1,5
技職,私立,明志科技大學,520905,環境與安全衛生工程系,100,1,5
一般,公立,國立成功大學,521309,能源國際學士學位學程,100,1,5
一般,公立,國立清華大學,521399,原子科學院學士班,100,1,5
技職,公立,國立臺北科技大學,529902,能源與冷凍空調工程系,100,1,5
技職,公立,國立臺灣科技大學,580101,建築系,100,1,5
技職,公立,國立臺北科技大學,580101,建築系,100,1,5
一般,私立,銘傳大學,580101,建築學系,100,1,5
技職,私立,朝陽科技大學,580101,建築系,100,1,5
一般,公立,國立中興大學,580204,景觀與遊憩學士學位學程,100,1,5
一般,公立,臺北市立大學,589909,城市發展學系,100,1,5
技職,公立,國立屏東科技大學,620103,農園生產系,100,1,6
技職,公立,國立屏東科技大學,620105,熱帶農業暨國際合作系,100,1,6
一般,公立,國立嘉義大學,620203,動物科學系,100,1,6
一般,公立,國立嘉義大學,620404,植物醫學系,100,1,6
技職,公立,國立屏東科技大學,620601,食品科學系,100,1,6
一般,公立,國立中興大學,620701,水土保持學系,100,1,6
一般,公立,國立中興大學,620802,土壤環境科學系,100,1,6
技職,公立,國立屏東科技大學,621005,木材科學與設計系,100,1,6
技職,公立,國立屏東科技大學,640101,獸醫學系,100,1,6
一般,公立,國立臺灣大學,720101,醫學系,100,1,7
一般,公立,國立成功大學,720101,醫學系,100,1,7
一般,公立,國立陽明大學,720101,醫學系,100,1,7
一般,私立,臺北醫學大學,720101,醫學系,100,1,7
一般,私立,馬偕醫學院,720101,醫學系,100,1,7
一般,私立,義守大學,720134,學士後中醫學系,100,1,7
一般,私立,慈濟大學,720134,學士後中醫學系,100,1,7
一般,私立,中國醫藥大學,720134,學士後中醫學系,100,1,7
技職,公立,國立臺北護理健康大學,720404,語言治療與聽力學系,100,1,7
一般,公立,國立金門大學,720601,護理學系,100,1,7
技職,公立,國立臺中科技大學,720601,護理系,100,1,7
技職,私立,輔英科技大學,720601,護理系,100,1,7
一般,私立,中國醫藥大學,720712,生物醫學影像暨放射科學學系,100,1,7
一般,公立,國立陽明大學,720801,牙醫學系,100,1,7
一般,私立,高雄醫學大學,720801,牙醫學系,100,1,7
一般,私立,臺北醫學大學,720801,牙醫學系,100,1,7
技職,公立,國立臺中科技大學,760203,老人服務事業管理系,100,1,7
一般,公立,國立臺北大學,760301,社會工作學系,100,1,7
一般,私立,輔仁大學,760301,社會工作學系,100,1,7
一般,私立,長榮大學,760301,社會工作學系,100,1,7
技職,公立,國立屏東科技大學,760401,幼兒保育系,100,1,7
一般,私立,輔仁大學,760403,兒童與家庭學系,100,1,7
一般,公立,國立東華大學,769901,民族社會工作學士學位學程,100,1,7
技職,公立,國立高雄餐旅大學,810101,旅館管理系,100,1,8
技職,公立,國立高雄餐旅大學,810103,餐飲管理系,100,1,8
一般,私立,實踐大學,810103,餐飲管理學系,100,1,8
技職,公立,國立高雄餐旅大學,810105,西餐廚藝系,100,1,8
技職,公立,國立高雄餐旅大學,810106,烘焙管理系,100,1,8
技職,公立,國立高雄餐旅大學,810120,國際廚藝學士學位學程,100,1,8
技職,公立,國立高雄餐旅大學,810122,餐旅暨會展行銷管理系,100,1,8
技職,公立,國立高雄應用科技大學,810201,觀光管理系,100,1,8
一般,私立,銘傳大學,810202,觀光事業學系,100,1,8
一般,私立,銘傳大學,810210,休閒遊憩管理學系,100,1,8
技職,公立,國立高雄餐旅大學,810216,旅運管理系,100,1,8
一般,私立,中華大學,810222,觀光與會展學系,100,1,8
技職,公立,國立高雄餐旅大學,810233,國際觀光學士學位學程,100,1,8
一般,公立,國立暨南國際大學,810247,觀光休閒與餐旅管理學系,100,1,8
一般,公立,國立臺灣體育運動大學,810301,競技運動學系,100,1,8
一般,公立,國立中正大學,810302,運動競技學系,100,1,8
一般,公立,國立臺灣體育運動大學,810305,球類運動學系,100,1,8
一般,公立,臺北市立大學,810305,球類運動學系,100,1,8
一般,公立,臺北市立大學,810306,陸上運動學系,100,1,8
一般,公立,臺北市立大學,810307,水上運動學系,100,1,8
一般,公立,臺北市立大學,810309,技擊運動學系,100,1,8
技職,公立,國立勤益科技大學,810511,休閒產業管理系,100,1,8
技職,公立,國立臺中科技大學,810512,休閒事業經營系,100,1,8
技職,私立,樹德科技大學,810526,休閒遊憩與運動管理系,100,1,8
一般,私立,實踐大學,810701,服裝設計學系,100,1,8
技職,公立,國立臺中科技大學,810801,美容系,100,1,8
一般,私立,稻江科技暨管理學院,810819,時尚美容藝術與保健管理學士學位學程,100,1,8
一般,公立,臺北市立大學,819917,運動藝術學系,100,1,8
技職,公立,國立高雄海洋科技大學,840107,航運技術系,100,1,8
技職,公立,國立高雄餐旅大學,840201,航空暨運輸服務管理系,100,1,8
技職,公立,國立高雄海洋科技大學,840308,海事資訊科技系,100,1,8
一般,公立,國立成功大學,990199,大一全校不分系學士學位學程,100,1,9
技職,公立,國立臺灣科技大學,990199,不分系學士班,100,1,9
技職,公立,國立臺北商業大學,3499332,商品創意經營系,100,1,3
一般,公立,臺北市立大學,3499336,都會產業經營與行銷學系,100,1,3
技職,私立,中州科技大學,520103,電子工程系,0,1,5
